a	b	c	d	e	f	g	h	i	j	k	l	m	n	o	p	q	r	s	t	u	v	w	x	y	z	aa	ab	ac
433328	1	0.94	0.81	5.66	17.72	4.66	23.3	0.82	0.78	5.09	23.89	4.75	29.05	15937	1016	8617	11	6.91	6632125	483175	6.69	40.63	0.93	0.26	4483198.99	10798649.88	188.82	7202.57
4851336	1	2.71	0.43	0.72	3.31	1.27	3.63	1.47	0.12	0.27	6.88	0.96	4.99	481	109	478	0	7.82	257769	46072	1.86	9.28	0.0	0.0	2419257.47	5673096.75	3184.14	89958.15
6424168	1	2.26	0.23	0.17	2.31	1.33	1.59	0.14	0.02	0.02	0.87	0.33	1.26	130	108	265	14	5.8	130322	45990	0.17	2.05	1.0	0.0	6422591.48	10245429.63	2622.15	86354.9
6569922	1	0.12	10.07	0.07	2.87	16.9	5.7	0.0	0.37	0.02	0.12	2.26	5.66	2266	2313	4397	0	7.08	6917109	608393	0.39	6.34	1.0	0.05	12674856.74	18071674.4	248.51	69876.84
231599	1	0.02	1.2	0.58	1.04	1.97	5.71	0.0	0.0	0.07	0.09	0.07	1.03	114	162	1080	22	7.36	126447	69279	0.07	1.06	0.3	0.46	3192106.21	6561887.42	1480.98	153979.73
10996774	1	19.11	0.1	0.74	20.57	3.51	26.25	0.94	0.01	0.27	5.41	0.8	26.87	506	1262	14687	22	6.97	8215485	352834	1.22	28.15	1.0	0.0	14541107.37	24685115.56	293.34	30736.79
279219	1	0.18	0.13	1.66	3.25	12.67	26.42	0.04	0.02	0.32	0.62	1.91	10.36	1527	3034	6937	14	6.35	502436	217047	0.38	11.02	0.88	0.33	11448836.62	23632165.98	1095.87	9795.85
5870361	1	1.81	0.18	0.95	2.99	1.0	15.28	0.04	0.0	0.03	0.39	0.11	0.32	172	39	1427	15	4.36	26479	8690	0.08	0.61	1.0	0.0	4061665.67	5987099.41	16088.39	265517.32
421426	1	0.24	0.14	2.15	1.05	5.72	24.26	0.01	0.05	0.15	0.14	5.09	0.8	56	623	2886	7	5.11	40830	14958	0.2	5.37	1.0	0.0	18949180.74	33974266.41	13196.63	642661.31
3145267	1	0.06	0.05	2.34	0.35	0.46	32.55	0.01	0.02	0.37	0.15	0.18	1.49	8	53	3255	23	7.28	61035	20897	0.4	1.54	1.0	0.0	34087552.99	38908169.45	3416.24	434883.4
112114	1	1.74	0.53	0.62	1.98	3.19	3.31	1.04	0.19	0.09	2.13	3.59	4.24	59	417	336	9	6.18	75411	19042	1.32	7.98	0.47	0.5	2828651.4	5622631.02	2571.0	53847.12
1215485	1	0.29	0.58	1.51	10.83	1.84	2.69	0.14	0.53	1.14	4.44	2.72	2.98	3261	440	926	0	7.57	1562810	358571	1.81	6.49	1.0	0.01	6551334.62	11843244.64	384.11	9334.47
1725149	1	1.81	1.1	0.76	5.08	3.48	8.61	1.14	0.92	0.59	3.52	4.27	14.89	722	133	1041	11	4.71	127713	19893	2.65	19.33	1.0	0.0	4718105.97	9693383.21	6673.27	78585.75
3774638	1	0.0	2.0	0.93	0.0	1.71	1.29	0.0	0.21	0.0	0.0	0.77	0.0	0	4	3	23	3.03	44	15	0.21	0.77	0.6	0.49	1110654.67	2081497.92	368750.93	1076848.46
2796964	1	1.62	0.57	0.78	8.05	13.15	27.96	0.05	0.01	0.02	0.51	0.31	0.21	814	1341	2808	15	7.06	31984	10448	0.07	0.8	1.0	0.0	3541344.16	5479011.94	2026.15	76673.68
5466012	1	2.3	0.14	0.18	2.79	1.27	0.91	0.12	0.02	0.02	1.16	0.77	0.25	108	76	51	11	6.7	31856	11361	0.17	1.85	1.0	0.0	4135089.33	8319594.5	13872.3	976299.19
8574593	1	1.59	0.16	0.63	3.61	1.84	1.45	0.17	0.04	0.15	1.96	1.43	0.86	142	142	101	17	7.0	45135	16550	0.37	3.16	1.0	0.0	4197155.83	6770417.99	6784.11	22054.52
7328338	1	3.24	0.9	5.21	11.71	32.17	41.46	0.61	0.47	2.43	8.26	8.81	46.04	4384	19551	24410	12	6.27	5228628	388332	3.52	48.47	0.99	0.09	7651859.59	13341830.39	326.29	21228.57
15681496	1	0.41	7.91	6.57	3.71	87.66	22.31	0.0	0.04	0.22	0.0	0.6	1.8	82	2080	309	16	2.85	10678	690	0.26	1.99	0.93	0.25	1647422.7	4974859.51	105582.47	330977.72
7903804	1	5.61	1.01	7.72	39.51	9.46	38.36	4.15	0.43	3.23	45.46	6.27	34.8	2297	1070	4134	22	7.24	627772	32423	7.8	62.52	1.0	0.0	3442086.22	6706701.38	3971.53	21012.03
9021902	1	0.14	0.32	2.92	7.14	15.45	9.8	0.03	0.06	0.74	7.84	2.15	4.92	2727	5785	1344	0	7.05	501426	121195	0.83	9.75	1.0	0.01	5231389.63	12754235.08	1070.08	55803.55
20483999	1	0.01	2.88	5.64	0.17	11.23	12.6	0.0	0.34	0.18	0.06	4.15	2.3	15	412	497	19	7.01	253535	27815	0.52	5.12	1.0	0.01	11501626.03	18409413.78	231.04	9590.9
3409125	1	0.19	0.02	1.42	1.35	0.43	26.72	0.0	0.0	0.04	0.0	0.0	0.28	10	14	897	1	9.45	1829	1081	0.04	0.28	0.72	0.45	18929355.82	31262364.46	34819.51	1007669.01
11952314	1	0.11	0.09	2.29	0.75	4.02	51.29	0.01	0.02	0.36	0.16	3.49	3.4	72	1027	12506	22	6.97	255978	86669	0.4	5.36	1.0	0.02	62464909.21	67985204.9	868.03	22232.55
3729068	1	2.56	0.16	2.07	1.93	14.66	28.76	0.01	0.0	0.01	0.15	0.01	1.09	117	3592	5047	19	5.09	490866	102451	0.01	1.11	1.0	0.0	21458222.08	30437796.48	1410.13	103850.21
8066546	1	0.59	0.26	1.83	1.37	23.91	51.96	0.18	0.13	0.61	1.17	26.44	46.2	153	11198	13256	18	7.69	663410	191506	0.93	59.38	1.0	0.0	27056082.63	43791457.9	661.57	12154.22
1979668	1	1.43	0.17	0.83	1.58	13.71	7.04	0.02	0.04	0.92	0.44	0.78	3.18	79	6518	2939	0	7.08	551098	152470	0.98	3.74	0.0	0.0	7139651.46	10198024.48	1053.81	41055.94
11340674	1	1.87	0.24	0.3	2.08	0.99	0.8	0.21	0.06	0.08	1.57	0.64	0.64	112	58	32	19	6.5	79350	28994	0.35	2.18	1.0	0.0	5131791.77	9087380.79	1559.33	35709.37
11292982	1	1.06	0.45	0.59	1.71	20.86	8.04	0.74	0.17	0.26	2.19	2.34	7.33	553	12796	2402	1	7.02	800718	233257	1.17	8.27	1.0	0.01	13265530.37	28722713.39	329.63	14797.09
13286072	1	73.02	10.82	19.32	659.88	188.68	518.75	206.35	22.57	47.14	1901.73	266.83	937.89	41087	55838	100548	18	7.19	38813690	112040	276.05	2288.56	1.0	0.0	23.22	5495.35	286.39	4098.31
4477315	1	0.62	0.08	1.71	2.54	0.91	9.4	0.52	0.01	0.77	6.0	0.35	7.27	66	75	663	17	7.52	77489	27453	1.3	9.67	0.0	0.0	955888.19	3143266.96	1952.38	165185.65
1022055	1	4.34	0.31	2.12	9.2	2.01	39.19	1.5	0.04	0.5	12.94	0.52	6.42	552	135	2267	5	4.56	39982	4440	2.04	16.54	0.0	0.0	2622439.66	4947257.29	15724.16	611044.55
13752234	1	0.79	0.0	5.36	5.58	0.06	8.22	0.13	0.0	0.13	4.31	0.01	1.66	61	2	256	23	8.16	77693	12346	0.26	4.61	0.99	0.12	5678239.04	8996518.24	6498.66	92978.94
1324179	1	0.71	0.02	0.68	1.02	2.31	5.98	0.03	0.01	0.04	0.29	0.18	0.38	116	701	1618	4	7.59	145948	97420	0.08	0.55	1.0	0.0	3068888.06	4934121.51	787.59	25891.32
7320905	1	2.32	0.08	0.06	1.68	0.88	5.5	1.06	0.05	0.02	2.78	0.66	0.87	177	216	2400	16	6.08	543109	150397	1.13	3.29	1.0	0.0	5611701.34	8960831.35	576.71	12949.93
17215358	1	1.99	0.0	0.01	0.18	0.04	0.2	0.01	0.0	0.0	0.13	0.0	0.03	11	3	48	0	7.26	140555	70158	0.01	0.13	1.0	0.0	11191614.4	12583687.45	86.21	10101.73
621721	1	5.14	0.15	0.71	3.3	7.25	35.35	2.79	0.04	0.5	10.23	0.47	40.55	244	1005	6148	6	3.59	215295	23184	3.33	42.08	0.0	0.0	862235.28	2328078.47	3108.33	21739.22
9629838	1	1.65	1.48	5.38	6.5	4.54	27.81	0.11	0.11	0.48	1.09	1.18	9.7	1002	321	2679	20	7.78	273281	29903	0.7	10.55	0.96	0.2	7095831.79	9459378.84	479.95	27725.81
1392310	1	2.21	0.21	0.3	2.88	3.31	18.41	0.77	0.09	0.15	2.54	1.36	13.18	397	1086	5271	22	6.95	354296	93203	1.01	14.46	1.0	0.0	4305939.83	7938032.11	1561.63	66638.75
4114706	1	2.29	0.27	0.78	5.17	4.13	25.89	0.0	0.0	0.01	0.01	0.03	0.21	313	267	1748	10	3.78	15395	4599	0.01	0.22	1.0	0.03	4160802.71	6068306.21	6911.55	395996.61
6085301	1	0.59	0.05	3.48	3.25	0.66	18.32	0.06	0.01	1.62	0.9	0.18	15.98	649	101	2043	12	6.87	235712	48218	1.69	16.02	1.0	0.0	2928861.48	5782390.76	773.61	57527.63
3035831	1	1.87	0.24	0.43	2.16	1.46	10.19	0.43	0.08	0.15	1.82	0.94	12.81	145	134	1501	11	5.28	222360	69960	0.66	13.34	1.0	0.0	6001952.17	15636693.82	2244.07	23212.26
3410049	1	2.27	0.17	0.14	3.07	1.22	0.92	0.11	0.0	0.01	7.04	0.11	0.15	74	62	38	22	6.72	18694	7133	0.12	7.04	1.0	0.0	3019153.81	5480290.42	16007.56	38147.13
13350630	1	0.03	0.03	1.63	0.54	4.47	13.22	0.01	0.0	0.01	0.16	0.0	0.21	64	645	1866	14	6.58	35223	20619	0.02	0.27	1.0	0.0	8585956.17	10621454.35	3295.66	280171.9
9892229	1	1.32	0.12	0.58	1.77	0.8	1.06	0.13	0.01	0.07	0.74	0.15	0.45	68	41	46	10	4.17	70944	31763	0.21	0.96	1.0	0.0	5381458.68	9062473.08	2874.28	131936.03
7611264	1	0.24	0.3	2.45	2.61	11.85	10.91	0.03	0.04	1.2	1.9	1.86	12.45	623	5439	2031	18	7.11	661097	150762	1.27	12.98	0.79	0.41	1786342.04	5636329.06	799.97	5372.72
14508071	1	1.19	0.79	8.19	5.88	8.65	28.59	0.09	0.1	1.19	1.62	2.07	19.3	235	1753	1879	6	7.29	665991	58434	1.37	20.05	0.86	0.35	4782207.44	10793965.14	1007.5	62654.36
11969601	1	2.46	0.1	0.03	1.84	1.04	1.08	0.56	0.02	0.01	2.14	0.32	0.15	86	168	419	16	6.18	416247	131028	0.59	2.26	1.0	0.0	7743583.51	12417103.82	566.4	9718.24
1075024	1	0.43	0.23	0.88	2.93	3.67	5.14	0.68	0.33	1.03	2.25	5.07	5.05	228	370	295	2	7.82	22543	7760	2.04	8.62	0.16	0.36	2302097.21	5138165.65	15923.13	492913.25
13939670	1	0.06	3.57	0.67	0.48	5.14	0.72	0.04	0.54	0.02	0.39	2.47	0.15	7	43	18	20	7.02	43635	9606	0.6	2.8	1.0	0.04	8371398.69	8378716.91	4760.22	364772.52
7355879	1	1.77	0.13	0.77	3.3	2.0	6.89	0.08	0.02	0.11	1.03	1.92	6.95	122	253	918	20	6.74	49303	17513	0.21	8.93	1.0	0.0	4686307.93	8134779.94	7778.14	39717.77
15996738	1	0.91	0.66	4.13	4.62	4.03	10.05	0.04	0.03	0.3	0.74	0.38	2.63	162	611	703	4	7.4	280937	46149	0.37	2.88	0.46	0.5	8498298.68	12657796.68	1423.95	24109.68
14893258	1	0.54	0.07	1.65	1.31	0.61	16.1	0.03	0.01	0.11	0.38	0.22	1.46	39	49	2030	16	6.73	44813	18601	0.14	1.54	1.0	0.0	56368456.46	67747581.28	3734.16	102674.04
16853007	1	0.42	0.1	3.22	3.61	0.98	20.93	0.0	0.0	0.11	0.33	0.06	5.35	66	65	2850	4	8.4	107647	28403	0.11	5.38	1.0	0.0	12216973.17	17174852.3	1872.28	103456.11
332929	1	1.87	0.41	0.61	2.16	1.45	1.5	0.06	0.02	0.02	0.48	0.33	0.46	65	59	30	23	7.37	15230	5080	0.1	0.9	1.0	0.0	2732893.83	5613164.0	20614.55	320033.56
393532	1	2.28	1.89	1.07	2.59	2.06	1.41	0.27	0.22	0.03	1.71	1.48	0.32	17	15	15	4	7.49	32938	5894	0.51	3.19	0.95	0.23	3425463.74	4486333.65	1234.47	32929.55
1079367	1	0.06	0.07	3.49	9.83	2.4	21.53	0.0	0.01	0.56	0.69	0.31	5.38	2636	525	3700	22	8.66	267797	65229	0.57	5.47	0.95	0.21	3154654.82	4967486.96	3416.41	122841.64
3115531	1	2.11	0.18	0.49	2.23	0.85	3.68	0.01	0.0	0.01	0.17	0.06	0.13	53	27	218	15	6.05	13181	4716	0.02	0.24	1.0	0.0	3691186.72	5284557.1	22527.31	348651.85
4928500	1	448.17	28.05	143.13	1859.28	1363.62	3885.72	1100.46	57.49	314.77	7219.27	2208.81	11830.53	370590	247428	398861	19	7.49	129978272	69403	1472.72	15475.13	0.83	0.38	491.55	54494.18	503.39	10044.88
5316354	1	1.99	0.22	0.16	1.72	1.0	0.64	0.42	0.03	0.02	1.19	0.32	0.25	25	20	12	22	7.33	4483	1555	0.47	1.32	1.0	0.0	3815439.98	5256519.44	71228.37	792487.43
4005189	1	1.85	0.17	0.52	28.69	1.39	16.08	0.8	0.08	0.28	34.03	1.39	18.76	8974	254	4959	1	7.36	250303	70125	1.16	39.42	1.0	0.0	4081631.21	6540889.97	1216.74	38300.51
6756213	1	2.44	0.19	0.25	3.84	1.1	1.17	0.02	0.0	0.04	0.32	0.1	0.29	147	33	35	17	5.94	8240	2773	0.07	0.47	1.0	0.0	3276641.3	6011939.13	15540.68	64457.34
75561	1	1.77	0.19	2.05	4.09	3.6	10.6	0.45	0.05	0.57	3.67	1.58	6.78	694	825	1159	5	6.89	416282	86606	1.07	8.93	0.96	0.19	4551404.52	7165844.21	2972.2	394230.48
9446222	1	1.69	0.11	0.73	5.2	0.65	4.53	0.02	0.0	0.02	0.24	0.04	0.25	252	13	306	15	5.3	12352	4783	0.04	0.38	1.0	0.0	5193991.73	8985076.6	14274.43	62324.89
1161488	1	2.14	0.5	0.51	4.26	2.05	1.43	0.2	0.03	0.08	1.55	0.63	0.55	114	36	44	15	6.76	11012	3147	0.31	2.29	1.0	0.0	1753110.26	3867290.48	34698.56	773692.58
1310918	1	0.77	1.99	0.7	75.49	47.87	46.43	0.14	1.71	0.67	11.67	60.71	48.46	9765	6159	4690	1	6.05	60052	10804	2.53	91.01	0.0	0.0	821743.24	1781803.61	13680.85	102137.42
2304267	1	0.0	4.83	1.17	0.33	7.52	8.14	0.0	3.75	0.83	0.4	18.27	6.78	83	167	2028	0	7.17	498687	49080	4.58	20.56	1.0	0.0	2124838.58	5289639.23	2855.28	37476.54
8260451	1	1.46	0.54	0.48	2.29	1.82	2.75	0.02	0.0	0.02	0.31	0.09	0.27	94	45	256	17	6.27	24933	9869	0.04	0.44	1.0	0.0	6346938.31	11480761.35	13143.24	98881.37
6917606	1	2.12	0.07	0.11	1.73	0.58	0.99	0.13	0.01	0.02	0.7	0.13	0.31	77	49	139	23	6.79	73811	30032	0.15	0.83	1.0	0.0	5729915.7	9316284.25	4765.79	18988.62
8578431	1	0.62	2.0	0.19	1.34	3.5	0.94	0.02	0.06	0.01	0.29	0.5	0.13	23	109	56	1	7.28	29536	10168	0.09	0.64	1.0	0.0	7229572.51	9540561.4	12164.2	287377.77
13146235	1	16.83	7.66	12.95	392.86	39.84	58.86	0.42	0.14	0.49	14.79	1.72	4.99	13418	866	1475	7	6.27	63477	1625	1.06	15.95	1.0	0.0	584.68	482.58	41405.98	86366.92
17003997	1	0.02	0.0	1.94	0.15	0.07	2.76	0.0	0.0	0.1	0.03	0.0	0.79	3	2	75	4	7.02	5211	2548	0.1	0.79	0.06	0.24	3099.5	34664.78	12775.54	288805.02
11762992	1	1.76	0.02	0.07	1.26	0.25	0.42	0.01	0.0	0.01	0.14	0.02	0.1	94	10	31	15	6.42	28172	15010	0.02	0.19	1.0	0.0	15115707.17	16639892.45	6117.72	145165.93
14393296	1	0.07	3.67	0.0	0.55	4.75	0.09	0.0	0.0	0.0	0.0	0.15	0.0	43	102	7	3	7.29	63837	17019	0.0	0.15	1.0	0.0	11701448.64	20990677.02	2479.92	174337.41
228773	1	2.36	0.22	0.16	2.27	1.16	1.95	0.48	0.05	0.03	1.44	0.53	0.4	168	71	360	1	7.72	166903	49155	0.57	1.87	1.0	0.0	3481641.93	5283275.76	2945.53	140919.36
7490646	1	1.94	0.07	0.31	2.73	0.6	0.8	0.27	0.01	0.03	0.83	0.18	0.31	129	31	29	23	6.99	33514	12647	0.31	0.99	1.0	0.01	8376893.38	11262524.99	6527.67	130570.76
7713040	1	2.14	0.12	0.09	1.7	0.73	0.46	0.07	0.01	0.01	0.51	0.19	0.12	67	32	13	15	6.14	30488	12487	0.08	0.6	1.0	0.01	9236309.09	16842234.93	9671.29	99270.03
16428237	1	1.96	0.02	0.04	1.41	0.23	0.28	0.22	0.0	0.02	0.77	0.1	0.2	41	13	12	17	6.96	77826	33893	0.24	0.82	1.0	0.0	7747013.39	11175151.33	698.3	22070.48
16969299	1	2.16	0.04	0.05	1.43	0.87	0.3	0.09	0.0	0.02	0.61	0.09	0.35	30	87	11	9	6.06	38526	16283	0.11	0.75	1.0	0.0	9403763.35	14135565.83	1387.68	26807.78
5725039	1	1.83	0.4	0.72	5.73	1.75	1.87	0.63	0.28	0.3	3.02	1.26	0.77	118	50	57	4	7.08	5627	1387	1.21	4.0	1.0	0.0	1994619.92	6150020.29	86939.21	1844547.7
8001475	1	1.67	0.07	0.18	1.99	0.9	2.35	0.51	0.03	0.04	1.41	0.4	0.79	137	160	438	9	6.28	112365	42730	0.58	1.82	1.0	0.0	4986430.45	7247520.52	2140.24	59791.12
3264021	1	0.46	0.43	3.35	1.45	1.36	4.8	0.01	0.01	0.04	0.2	0.1	1.02	38	38	75	15	3.91	8483	1977	0.06	1.12	1.0	0.0	5114633.41	6066027.33	8821.51	221898.28
7310603	1	0.59	0.0	0.89	2.39	0.03	0.57	0.0	0.0	0.06	0.06	0.0	0.27	74	1	5	23	8.42	1729	1111	0.06	0.28	1.0	0.0	2985674.07	4858380.92	12867.08	352235.4
7375508	1	0.02	0.01	1.89	1.09	0.92	3.25	0.0	0.0	0.11	0.0	0.0	0.95	78	66	95	6	5.88	9902	4929	0.11	0.95	0.57	0.49	59728.54	106214.12	19530.23	450007.18
8803232	1	0.45	0.01	1.87	1.16	0.25	3.51	0.02	0.0	0.52	0.28	0.0	3.35	15	12	90	2	7.97	5578	1976	0.54	3.48	0.05	0.22	2008376.77	4987922.5	56002.82	1657740.01
18146892	1	7.16	1.36	0.0	3.24	3.13	0.04	0.0	1.59	0.0	0.09	3.33	0.04	9	9	2	15	7.08	64088	6326	1.59	3.33	0.0	0.0	9930279.92	13873741.9	2853.45	172906.76
5517884	1	2.12	0.16	0.28	2.31	3.79	14.43	0.18	0.01	0.1	1.77	0.34	14.68	178	752	2902	14	6.42	109280	39418	0.29	14.89	1.0	0.0	5145515.73	8431968.41	3688.83	146650.06
25261	1	2.31	0.92	0.61	3.42	2.86	3.64	0.61	0.18	0.15	2.56	1.24	1.17	133	253	437	21	6.27	99688	20766	0.93	3.96	1.0	0.02	3606893.62	6526355.58	11228.09	120717.22
4773966	1	0.0	1.77	0.45	0.36	2.19	4.03	0.0	0.06	0.0	0.0	0.68	0.15	41	146	237	22	8.26	29723	12993	0.06	0.7	1.0	0.0	3064309.72	7788232.1	15912.59	57368.57
12323565	1	0.65	0.01	2.02	3.17	0.27	3.47	0.16	0.01	0.57	1.9	0.22	2.63	157	22	252	18	5.45	99355	31460	0.73	3.86	0.91	0.29	4950969.47	8127475.08	2965.32	238861.28
18663209	1	0.3	1.63	1.03	0.99	3.36	1.43	0.03	0.28	0.04	0.58	1.47	0.74	49	47	63	3	7.52	31325	9919	0.36	1.96	1.0	0.02	7398832.59	12514734.7	2928.23	77686.2
18506875	1	0.0	0.0	2.19	0.0	0.0	5.18	0.0	0.0	0.69	0.0	0.0	3.09	0	0	156	6	7.24	15691	5395	0.69	3.09	0.0	0.0	3084306.08	7124716.01	1827.38	39269.67
338065	1	2.16	0.42	0.45	3.89	2.11	1.02	0.44	0.11	0.09	3.07	1.26	0.56	143	35	23	4	7.67	16748	4626	0.63	4.05	1.0	0.0	2893671.63	5489360.68	37079.51	322453.73
6771835	1	1.72	0.08	0.15	1.36	0.5	0.57	0.0	0.0	0.01	0.12	0.0	0.16	13	11	7	21	4.76	4228	2143	0.01	0.2	1.0	0.0	3971675.86	4991690.88	52822.28	382301.18
8058568	1	1.38	0.86	0.33	2.77	2.67	0.87	0.03	0.04	0.01	0.39	0.62	0.17	74	113	13	19	6.29	14199	5362	0.08	0.81	1.0	0.0	3868237.84	6141291.92	24120.8	130436.39
8272013	1	1.67	0.24	0.37	1.83	0.97	0.81	0.01	0.0	0.01	0.21	0.06	0.15	36	11	7	15	2.31	2358	1025	0.02	0.26	1.0	0.0	4459419.68	6407455.62	84498.57	622827.12
7661631	1	1.54	0.12	0.8	4.08	0.74	1.45	0.09	0.01	0.07	2.48	0.18	0.51	239	24	50	18	6.99	27153	10366	0.17	2.56	1.0	0.0	4439488.41	8436610.63	12894.16	133642.75
9152906	1	1.44	0.05	0.68	1.62	0.29	1.05	0.0	0.0	0.03	0.0	0.0	0.26	6	2	5	20	4.33	128	59	0.03	0.26	1.0	0.0	4532157.34	6214354.57	1718488.45	8713067.68
7027852	1	2.06	0.17	0.26	3.01	1.77	0.81	0.0	0.0	0.01	0.09	0.02	0.16	74	72	13	3	7.28	5794	2320	0.01	0.19	1.0	0.0	4602129.54	6025659.28	49870.47	1176003.68
10330367	1	1.22	0.69	0.27	2.02	1.38	0.85	0.01	0.02	0.01	0.11	0.22	0.15	47	18	16	22	6.97	4713	2127	0.03	0.3	1.0	0.0	6498254.03	12384142.86	47627.95	1135903.78
8721539	1	2.05	1.2	0.26	3.2	2.79	0.73	0.53	0.46	0.09	3.02	1.77	0.35	76	35	9	19	6.86	3873	963	1.07	4.41	1.0	0.0	2008374.89	4838668.18	115740.91	753557.03
467651	1	2.4	0.32	0.26	3.07	1.21	1.0	0.18	0.05	0.03	1.03	0.4	0.27	92	21	24	16	5.84	7482	2266	0.27	1.31	1.0	0.0	2736797.08	4377611.41	78331.81	1963069.23
4099039	1	1.6	0.46	0.62	2.44	2.0	3.49	0.05	0.04	0.03	0.73	0.59	0.23	50	60	162	16	6.46	6328	2271	0.12	1.25	1.0	0.0	2467287.92	4105914.82	17625.15	374412.67
4080734	1	3.26	1.36	40.39	36.74	22.32	276.49	1.51	0.34	10.27	37.6	12.14	176.58	3420	1712	6671	22	7.09	753063	14297	12.12	191.15	1.0	0.0	4617368.72	7567096.73	11923.62	346798.45
4899266	1	1.01	0.91	2.05	3.1	3.41	12.11	0.01	0.02	0.02	0.14	0.39	0.21	44	96	484	15	5.97	7177	1775	0.05	0.53	1.0	0.0	1919791.09	10064678.21	108809.06	1685560.65
6014777	1	2.04	0.22	0.2	1.72	0.86	1.16	0.01	0.0	0.0	0.13	0.0	0.0	25	6	21	19	4.93	1104	449	0.01	0.13	1.0	0.0	3205069.98	5145760.82	355776.35	1448967.07
4984067	1	2.03	0.29	0.39	2.46	2.74	4.13	0.09	0.03	0.02	1.45	0.46	0.42	125	250	396	20	7.54	26537	9289	0.14	1.8	1.0	0.0	4216642.84	6350644.23	4099.23	64072.63
12929566	1	2.03	0.39	0.15	2.07	1.95	2.46	0.16	0.06	0.02	0.88	0.58	0.3	90	220	398	17	6.53	70734	25199	0.24	1.33	1.0	0.0	5807279.71	10475836.75	1865.73	8872.45
11249983	1	5.43	3.02	4.41	62.31	10.85	22.44	0.49	0.12	0.17	46.2	2.32	2.68	5727	841	2098	20	7.39	315113	23053	0.78	46.54	0.75	0.43	6339639.3	11066156.12	4159.27	77815.6
7304691	1	0.11	3.29	1.08	6.35	10.53	7.45	0.0	0.5	0.05	0.44	2.72	1.02	1063	323	790	2	7.26	130790	25209	0.55	2.95	0.94	0.24	3667381.08	8236201.88	6086.58	579655.46
11048848	1	1.63	0.22	0.33	2.47	0.88	0.9	0.04	0.02	0.03	0.44	0.27	0.36	175	15	30	19	6.49	20364	8975	0.09	0.71	1.0	0.0	6048223.11	9666581.78	7609.71	276624.94
9721846	1	2.27	0.0	1.95	1.24	0.02	5.55	0.0	0.0	0.0	0.03	0.0	0.0	11	2	371	1	7.01	52315	12392	0.0	0.03	0.0	0.0	11747095.43	15598891.68	199.85	5251.74
727408	1	1.51	0.63	0.49	3.09	2.42	1.33	0.09	0.03	0.04	1.55	0.59	0.74	79	43	30	6	6.86	9196	3353	0.15	2.3	1.0	0.0	3088338.44	5648688.29	30524.59	997613.56
411872	1	2.75	0.97	1.08	4.54	6.39	22.86	1.69	0.86	0.43	6.36	5.08	2.07	139	326	1308	13	6.86	20955	2921	2.98	12.19	1.0	0.0	1365424.16	2466548.84	8438.39	136552.4
2378222	1	1.98	0.57	0.22	2.14	1.75	0.88	0.03	0.01	0.03	0.35	0.23	0.54	25	18	16	20	3.88	2758	974	0.08	0.91	1.0	0.04	5393866.0	9415747.26	145815.17	1549951.45
1716311	1	2.36	0.59	0.38	2.72	1.61	1.0	0.1	0.02	0.04	0.81	0.34	0.27	35	19	11	13	3.52	3941	1110	0.16	0.99	1.0	0.0	1973049.39	3605859.87	60899.71	751121.48
3171782	1	2.13	0.13	0.26	2.05	0.85	11.23	0.7	0.07	0.26	2.27	0.79	37.66	222	57	1603	14	6.65	243971	70390	1.03	38.3	1.0	0.0	4608456.52	7248201.88	1918.25	64935.58
3479822	1	2.73	19.27	2.46	7.76	441.36	62.58	0.18	4.56	0.24	7.32	132.2	10.17	331	18415	2792	18	6.64	51263	2048	4.98	133.9	1.0	0.05	2382826.79	5451099.6	88910.02	620814.34
553296	1	1.73	0.21	0.22	2.81	1.09	0.96	0.18	0.06	0.05	1.73	0.73	0.63	148	47	38	21	7.82	29555	12227	0.29	2.57	1.0	0.0	3759276.3	5553690.11	16232.2	400119.53
3258344	1	1.68	0.32	0.5	1.79	1.65	38.14	0.06	0.12	0.29	0.53	0.58	38.38	79	205	5890	1	7.94	63918	23553	0.47	38.39	1.0	0.01	3483304.78	4202202.5	2621.53	68211.75
116385	1	3.56	1.05	1.46	6.08	4.12	3.82	0.79	0.29	0.95	3.47	2.6	3.68	107	111	71	2	7.56	21999	2772	2.03	7.94	1.0	0.07	1437520.68	2858910.28	36184.8	1144742.59
6351353	1	1.69	0.24	0.78	4.25	1.88	1.83	0.12	0.02	0.11	1.19	0.39	0.6	114	114	116	6	4.16	20578	6917	0.25	1.52	1.0	0.0	2340033.87	4611651.21	20218.52	103959.1
3813685	1	1.63	0.3	0.61	2.51	1.9	1.96	0.18	0.05	0.12	1.49	1.09	1.01	101	90	178	18	5.46	66663	23116	0.36	3.26	1.0	0.01	3405238.14	5275874.83	4103.14	320551.73
10286712	1	2.2	0.09	0.06	2.53	0.69	0.45	0.22	0.01	0.02	2.35	0.41	0.3	178	40	24	15	6.75	29390	11316	0.25	2.6	1.0	0.0	4017407.26	7251957.69	2729.52	8743.6
7250546	1	1.65	0.33	6.69	3.79	1.25	54.66	0.04	0.05	0.39	0.32	0.98	13.12	89	18	813	20	7.18	14227	1580	0.48	13.28	0.97	0.17	4431665.41	8396319.88	81209.66	708892.71
8400818	1	2.02	0.24	0.2	2.28	1.36	0.72	0.03	0.01	0.0	0.29	0.29	0.07	45	35	14	1	8.09	6650	2643	0.05	0.43	1.0	0.0	4208139.1	7255760.71	21512.51	154208.37
8655632	1	2.71	0.53	6.92	11.84	0.54	42.53	1.3	0.0	0.14	11.34	0.03	2.16	261	8	700	11	4.06	31140	2903	1.44	12.01	0.49	0.5	7471056.91	9389658.68	48602.98	1320237.32
10581101	1	4.51	0.2	0.12	2.93	1.36	0.53	3.98	0.01	0.0	4.21	0.31	0.02	12	24	10	5	6.73	23649	3279	3.99	4.22	1.0	0.0	6904938.14	8827804.31	2784.86	99387.02
2657584	1	0.05	0.13	1.43	0.54	0.88	2.32	0.0	0.0	0.0	0.03	0.04	0.06	21	25	73	20	5.08	8258	5121	0.0	0.09	0.13	0.34	9011265.04	11247665.92	25719.67	1379443.79
3096998	1	1.92	0.22	0.64	3.02	1.05	1.24	0.22	0.07	0.21	1.83	0.63	0.83	96	26	26	23	6.98	14768	4441	0.5	2.41	1.0	0.0	2235674.46	4082286.32	10520.96	180410.24
5415725	1	0.05	0.02	1.11	4.22	0.38	1.59	0.0	0.0	0.13	0.0	0.0	1.56	400	20	87	7	7.02	10619	8175	0.13	1.56	1.0	0.0	4200427.66	7104480.85	5036.47	128476.73
5849026	1	1.24	0.09	1.22	1.69	0.61	13.11	0.02	0.0	0.02	0.27	0.06	0.28	27	27	1297	15	1.87	26993	10417	0.04	0.41	1.0	0.0	13983410.79	24370481.29	7964.34	126014.26
7118326	1	1.86	0.13	0.06	1.41	1.39	0.88	0.29	0.04	0.01	1.22	1.28	0.45	53	130	99	17	7.12	42121	17773	0.34	2.34	1.0	0.0	6206679.14	8900986.35	2353.65	87121.05
9089258	1	2.68	0.05	0.08	6.02	0.44	0.51	0.11	0.0	0.01	1.28	0.12	0.19	121	20	26	17	6.09	80675	27420	0.12	1.33	1.0	0.0	6333023.11	9312697.33	4397.01	223547.65
259798	1	2.38	0.33	1.32	3.79	2.04	55.2	0.81	0.17	0.88	3.8	1.38	48.82	144	228	6683	8	6.31	112143	18762	1.87	49.93	1.0	0.0	2545326.61	5171360.24	10087.92	158278.84
1554195	1	1.82	0.31	0.48	2.1	1.42	2.28	1.16	0.25	0.19	4.01	1.54	3.54	68	88	133	19	6.88	96521	21789	1.6	6.57	1.0	0.01	3617591.8	5485305.19	5712.38	42941.35
9701715	1	2.25	0.07	0.16	2.75	0.62	1.27	0.1	0.01	0.02	2.26	0.35	0.48	213	38	123	16	6.85	37291	14440	0.12	3.01	1.0	0.0	7272852.23	12810870.06	6175.1	61974.22
13922443	1	2.26	0.08	0.21	2.66	1.02	1.18	0.13	0.0	0.02	1.08	0.08	0.4	131	70	62	5	6.93	15288	5722	0.15	1.2	1.0	0.0	9063543.34	14663490.99	10822.47	214249.21
16283967	1	2.22	6.0	0.7	87.37	276.38	1.26	4.73	6.98	1.94	158.68	183.78	3.13	8247	17184	16	0	7.68	79425	2704	13.65	242.78	0.75	0.43	2856087.92	6794821.21	4291.83	39584.62
8453292	1	2.02	0.1	0.22	1.79	0.62	1.81	0.22	0.02	0.04	0.96	0.29	1.17	124	31	260	19	3.35	95590	36510	0.28	1.67	1.0	0.0	4880957.42	8401488.48	3235.57	48501.78
1575512	1	0.5	1.84	1.18	1.93	2.94	3.38	0.04	0.65	0.2	0.51	2.89	1.22	57	57	437	11	3.82	76218	17378	0.89	3.64	1.0	0.0	2083956.51	3626802.72	1088.83	20248.58
6929011	1	1.86	0.44	0.43	2.62	2.18	1.8	0.45	0.17	0.1	1.81	1.92	1.52	72	55	81	21	6.79	14873	4423	0.71	4.42	1.0	0.0	3400600.89	6389059.25	29187.45	182954.66
7377957	1	4.99	0.56	0.77	5.09	1.84	3.5	18.35	3.12	4.27	14.74	5.06	9.03	91	100	455	12	6.2	114245	3227	25.74	23.67	0.0	0.0	1050177.97	4367377.6	7907.91	247807.59
4806773	1	3.37	13.03	21.85	9.2	46.85	66.75	3.71	15.26	25.28	10.26	56.48	85.62	72	714	1455	15	7.49	105717	1796	44.26	143.69	0.03	0.17	7360071.48	8864400.51	58821.19	2183501.57
9540157	1	7.97	1.2	6.87	38.9	7.71	22.76	8.14	0.57	6.45	45.39	3.91	22.95	1173	456	1122	21	7.22	534059	22277	15.16	63.76	1.0	0.0	7148596.0	9841245.77	4563.33	389667.29
5787719	1	1.04	0.3	1.54	3.68	1.54	15.4	0.07	0.03	0.23	0.99	0.49	2.03	15	104	1076	0	5.75	16330	4927	0.33	2.3	0.37	0.48	8631897.73	19769800.2	22903.6	321452.4
10217519	1	35.97	18.49	12.9	51.49	27.03	24.97	0.37	0.09	0.68	5.16	1.12	7.13	408	190	169	17	8.12	504472	7136	1.13	12.06	0.16	0.37	8253086.88	12358015.55	14483.94	597197.09
91310	1	0.52	1.25	1.12	2.83	2.69	1.65	0.12	0.46	0.12	2.57	2.28	0.76	292	66	53	3	7.94	53341	16028	0.7	4.06	0.99	0.11	2600045.7	4180037.12	13455.79	338839.94
6040088	1	8.26	42.25	17.72	100.25	1632.75	224.66	2.14	1.97	1.67	58.15	65.47	13.48	3015	104763	14444	23	7.39	298144	3995	5.78	89.3	1.0	0.0	945464.12	3683533.5	11340.12	290525.33
5478189	1	1.93	0.13	8.71	5.95	1.06	8.3	0.21	0.03	2.23	1.37	0.49	5.41	51	90	343	4	7.28	373190	20582	2.47	5.91	0.37	0.48	4249134.82	6169754.48	3258.64	390679.38
6505923	1	0.2	0.82	1.17	1.28	1.97	5.6	0.02	0.2	0.19	0.44	1.28	1.34	186	143	1004	16	2.18	95977	37127	0.41	2.25	0.42	0.49	4249392.36	7284710.15	1126.57	38860.04
12406635	1	0.98	1.69	5.78	5.22	13.55	15.89	0.1	0.57	1.02	1.13	13.78	5.44	333	3265	2709	3	7.6	609405	59271	1.69	15.58	1.0	0.01	6813209.04	10241857.4	1674.2	27336.43
5123496	1	0.0	0.0	0.49	0.0	0.0	0.52	0.0	0.0	0.93	0.0	0.0	0.35	0	0	9	4	5.67	2836	3029	0.93	0.35	0.48	0.5	1018519.1	1285939.89	1143.57	76271.23
10306785	1	0.33	0.0	1.95	1.97	0.0	0.58	0.0	0.0	0.0	0.0	0.0	0.04	12	0	5	21	6.93	6673	2917	0.0	0.04	0.0	0.0	5804692.99	5316152.33	2904.47	121631.98
743015	1	2.16	0.36	0.47	4.21	1.81	2.23	0.72	0.13	0.22	3.33	1.56	2.32	169	116	181	7	6.81	28529	6969	1.07	5.43	1.0	0.0	1960089.9	3774020.75	13463.17	349617.37
5570079	1	1.66	0.34	0.52	3.48	2.06	1.05	0.03	0.01	0.03	0.42	0.21	0.28	224	165	22	20	6.54	31958	12307	0.07	0.58	1.0	0.0	5191730.71	8897821.25	12697.76	956753.65
6986250	1	2.24	0.22	0.1	5.39	1.96	0.56	0.07	0.0	0.01	0.54	0.1	0.1	369	124	18	21	6.2	12907	4877	0.08	0.59	1.0	0.0	3624273.54	6424806.8	11402.75	108275.45
4559949	1	1.31	0.13	1.98	4.01	0.93	2.18	0.12	0.02	3.17	1.49	0.47	13.38	149	26	45	1	7.4	36754	5579	3.31	13.58	0.98	0.13	2603538.38	4284167.86	20010.52	775453.23
8218911	1	0.86	0.21	1.08	1.74	1.02	1.22	0.02	0.01	0.02	0.32	0.23	0.19	25	13	35	0	7.07	7444	3403	0.05	0.59	1.0	0.0	3636673.27	5418518.46	3963.4	43104.69
9710412	1	1.63	0.07	0.25	1.41	0.47	0.75	0.0	0.0	0.0	0.11	0.0	0.08	23	8	7	7	6.85	1726	878	0.01	0.13	1.0	0.0	4040004.84	4721217.28	64405.51	1013009.57
11029943	1	1.56	0.27	0.61	2.99	1.04	1.61	0.03	0.0	0.03	0.34	0.16	0.62	86	21	58	20	7.0	10152	4058	0.06	0.84	1.0	0.0	5015674.87	8529848.42	23695.39	449113.46
6891585	1	1.93	0.15	0.21	1.78	0.91	0.89	0.13	0.01	0.01	0.74	0.19	0.09	29	32	30	16	3.34	7369	3029	0.14	0.81	1.0	0.0	5335674.52	8492930.04	44924.64	1136923.4
7390477	1	2.39	0.15	0.08	2.38	0.8	0.4	0.08	0.01	0.03	0.57	0.2	0.25	198	35	7	21	6.3	34752	12627	0.12	0.75	1.0	0.0	6372902.52	10910132.84	8130.52	133072.48
13601713	1	1.78	0.45	0.66	4.7	4.3	3.65	0.1	0.02	0.06	0.83	0.31	1.37	132	131	70	11	6.84	2884	951	0.18	2.04	1.0	0.03	2825789.48	6894964.42	40136.72	330014.65
16185576	1	2.71	0.02	0.07	1.5	0.24	0.4	0.0	0.0	0.01	0.14	0.0	0.17	31	4	7	18	6.73	5374	1912	0.01	0.22	1.0	0.0	10009933.41	13720492.82	14079.54	201473.89
6019534	1	0.69	0.82	11.13	3.04	1.98	24.03	0.02	0.03	0.18	0.45	0.7	2.85	90	50	259	18	4.48	61997	4775	0.23	3.32	1.0	0.0	4252221.2	6988867.0	7609.55	172559.72
1553148	1	2.08	0.55	0.2	2.55	2.19	0.57	0.3	0.09	0.04	2.06	1.16	0.33	28	21	4	15	2.72	1121	344	0.43	3.45	1.0	0.0	1355696.29	2876473.48	415367.79	4709418.41
8092303	1	1.54	0.16	0.79	4.05	0.75	1.26	0.03	0.01	0.05	0.56	0.11	0.51	65	10	23	0	7.69	3331	1286	0.09	0.79	1.0	0.0	2806568.64	5348049.9	58365.92	1159251.63
12308086	1	2.28	0.07	0.06	1.44	0.44	0.34	0.03	0.0	0.0	0.32	0.05	0.06	16	10	5	16	6.19	3903	1604	0.03	0.38	1.0	0.0	5416599.16	9027594.19	7867.85	67870.48
16596343	1	1.97	0.23	0.12	2.92	0.92	0.53	0.18	0.06	0.03	0.72	0.5	0.48	210	25	10	17	6.7	17480	6744	0.27	1.09	1.0	0.0	6125156.7	10783452.34	3509.15	38374.05
263608	1	2.56	1.91	19.52	17.46	5.13	24.99	0.31	1.39	9.44	2.55	4.67	21.0	374	176	552	12	6.74	292258	9019	11.14	24.47	1.0	0.02	4142715.92	6464363.26	8902.82	603909.46
10254013	1	1.72	0.11	1.11	3.1	2.91	42.22	0.11	0.02	0.03	2.54	0.39	0.25	265	316	4323	17	5.21	36274	11599	0.16	2.7	1.0	0.0	5835460.72	9731399.95	6394.06	126674.32
7389664	1	1.91	0.12	0.15	1.48	0.46	0.55	0.05	0.0	0.0	0.39	0.0	0.0	9	3	4	15	5.34	239	109	0.05	0.39	1.0	0.0	2414213.48	4053612.08	1283660.59	12641962.77
2253149	1	1.84	0.15	0.15	0.83	0.67	0.54	0.03	0.02	0.03	0.33	0.23	0.32	9	12	5	11	4.73	1111	507	0.07	0.71	1.0	0.0	7292544.38	7715017.49	164377.74	1766268.04
4952176	1	1.86	0.19	0.2	0.9	0.88	0.83	0.02	0.0	0.0	0.18	0.0	0.0	6	8	7	22	4.69	263	117	0.02	0.18	1.0	0.0	2418819.67	4229139.94	229339.03	769857.23
4112738	1	1.89	0.15	0.28	1.88	0.7	0.83	0.1	0.01	0.04	0.78	0.17	0.38	37	14	20	13	6.25	6911	2782	0.15	0.94	1.0	0.0	3731085.43	7549680.51	61978.39	504742.41
14394459	1	3.25	0.0	1.55	7.85	0.0	3.17	1.05	0.0	0.44	6.13	0.0	3.63	261	0	61	2	7.98	19891	3087	1.49	9.16	1.0	0.0	4239453.3	6812622.92	20085.62	487543.36
7218328	1	2.08	0.09	0.12	1.86	2.04	0.52	0.15	0.01	0.02	1.27	0.18	0.26	135	352	24	21	6.29	73092	29699	0.18	1.41	1.0	0.0	6034406.06	10156180.39	4643.31	10377.12
13476146	1	1.81	0.5	0.29	1.87	1.45	0.98	0.12	0.04	0.01	0.76	0.5	0.13	23	24	26	19	6.2	6542	2384	0.18	1.19	1.0	0.0	6164643.33	9080765.51	22223.32	189360.11
15181260	1	2.71	0.03	0.04	1.94	0.3	0.39	0.0	0.0	0.0	0.05	0.0	0.0	15	6	12	16	5.25	5227	1883	0.0	0.05	1.0	0.0	7713348.67	11718736.11	19340.62	192255.17
341052	1	2.02	0.38	0.72	3.01	1.59	1.92	0.26	0.06	0.11	1.61	0.58	0.52	54	43	56	19	5.56	10171	2833	0.44	1.99	1.0	0.0	1468418.33	2792404.77	21095.65	342197.86
7359933	1	1.89	0.35	0.48	2.95	1.2	1.12	0.05	0.01	0.03	0.48	0.14	0.39	97	27	23	11	6.04	18419	6556	0.09	0.72	1.0	0.0	4220213.94	6834503.0	11022.45	196881.05
9900577	1	1.32	0.48	0.68	3.6	1.21	1.21	0.05	0.04	0.04	0.72	0.42	0.37	110	17	49	22	7.14	25945	9964	0.13	0.95	1.0	0.0	4636660.16	9091435.14	11061.4	238338.4
4313723	1	2.27	0.14	0.15	1.62	0.7	0.5	0.01	0.0	0.0	0.14	0.0	0.08	16	12	6	16	6.0	2386	930	0.01	0.16	1.0	0.0	3612049.02	5264748.2	12034.2	59240.57
3398850	1	2.13	0.2	0.28	2.55	1.14	1.07	0.2	0.04	0.03	0.93	0.51	0.28	112	55	51	5	7.56	13002	4599	0.27	1.35	1.0	0.0	3144928.55	5167132.97	37227.01	1296809.22
9274371	1	2.23	0.1	0.05	1.52	0.67	0.29	0.08	0.01	0.0	0.55	0.19	0.07	26	24	7	15	4.79	24909	10090	0.09	0.67	1.0	0.0	4681548.27	7426588.88	9097.4	273708.77
8008198	1	1.37	0.46	2.38	2.02	2.83	10.25	0.06	0.02	0.19	0.54	0.22	1.45	22	67	229	11	5.43	3230	720	0.27	1.76	1.0	0.0	2967644.67	6556545.08	113157.68	475281.11
6255927	1	0.0	0.15	3.58	0.0	0.53	3.74	0.0	0.01	1.54	0.0	0.16	2.67	0	2	22	10	1.94	948	155	1.55	2.68	0.44	0.5	1621298.01	4694033.97	12007.34	90450.13
12501772	1	0.01	0.01	1.62	0.14	0.16	1.37	0.0	0.0	0.15	0.05	0.16	0.96	2	3	14	3	3.83	2533	1392	0.15	1.0	1.0	0.04	4020163.18	7420950.17	199.6	4673.82
15721048	1	2.05	0.22	0.36	1.48	0.71	0.84	0.02	0.0	0.0	0.23	0.0	0.0	7	4	4	0	6.5	449	171	0.02	0.23	1.0	0.0	5685067.57	10476458.79	6602.14	7030.04
16202189	1	2.13	0.06	0.08	1.37	0.46	0.34	0.0	0.0	0.0	0.09	0.0	0.09	16	8	3	11	6.58	1157	509	0.01	0.13	1.0	0.0	6207728.02	9514053.51	47735.14	568207.87
2218388	1	2.52	0.45	0.45	2.33	1.53	1.72	0.04	0.02	0.03	0.62	0.35	0.52	30	22	24	10	4.86	1910	551	0.09	1.3	1.0	0.0	1716825.23	3091202.77	115847.33	993762.65
2784935	1	2.14	0.26	0.16	1.47	0.84	0.6	0.02	0.0	0.01	0.25	0.0	0.18	15	9	6	17	4.66	1449	561	0.03	0.31	1.0	0.0	2897369.16	4161573.84	159213.17	1102469.64
9536040	1	0.4	0.33	4.76	6.86	6.64	54.9	0.25	0.19	2.06	6.17	4.97	43.77	258	232	1373	1	8.22	18494	2897	2.5	54.14	0.99	0.07	4428226.66	7846833.27	44944.13	743088.53
2964546	1	2.16	0.4	0.5	2.53	2.1	18.19	0.31	0.11	0.27	2.06	1.56	19.27	120	148	2118	20	4.12	43408	12108	0.69	21.84	1.0	0.0	3143296.6	5911925.43	13711.57	42482.73
7013194	1	2.04	0.38	0.15	1.77	1.07	0.49	0.02	0.01	0.02	0.21	0.19	0.2	19	14	5	8	6.15	3434	1301	0.05	0.37	1.0	0.0	3045738.24	5590473.93	86999.57	1212189.98
3658625	1	1.65	0.98	0.32	4.28	2.26	1.17	0.42	0.24	0.13	2.49	1.78	0.8	198	53	41	19	6.52	16362	4402	0.78	4.18	1.0	0.0	4080033.55	8647870.81	33357.06	319846.52
2206974	1	0.5	0.9	3.02	1.9	3.95	50.04	0.01	0.02	0.04	0.15	0.26	0.8	129	332	5152	1	8.31	52848	11731	0.06	0.96	0.72	0.45	4362719.25	6935441.75	5543.18	320085.07
8064063	1	2.35	0.15	7.58	2.18	0.88	83.1	0.09	0.03	6.75	1.7	1.35	235.36	51	21	1871	13	6.77	37446	3574	6.88	237.9	1.0	0.0	4838461.98	8180947.77	6563.84	132058.31
8325885	1	0.11	2.78	0.23	0.59	2.97	0.61	0.0	0.01	0.0	0.0	0.14	0.0	7	26	5	11	6.34	1488	477	0.01	0.14	1.0	0.0	6491123.94	7953761.29	518.22	1081.37
8921183	1	2.02	2.3	0.9	3.9	3.7	0.95	9.97	11.46	3.29	5.3	6.17	1.74	15	10	4	4	7.66	2096	80	24.72	12.84	0.18	0.39	181334.69	886279.33	267802.64	5296693.23
2844817	1	1.93	0.22	0.53	2.45	0.92	3.3	0.06	0.01	0.05	0.48	0.19	0.44	61	15	202	18	4.01	11196	3982	0.11	0.76	1.0	0.0	2968003.49	4716987.0	41033.82	864854.28
1928747	1	1.58	0.33	0.44	1.56	1.28	0.83	0.04	0.01	0.01	0.43	0.2	0.15	18	16	6	4	6.46	546	227	0.07	0.63	1.0	0.0	1017197.69	1717656.51	61988.13	252572.15
2572294	1	2.11	0.21	0.52	4.2	0.91	1.08	0.05	0.01	0.03	0.58	0.27	0.29	254	20	28	20	6.93	14030	4753	0.09	0.87	1.0	0.0	3011493.8	4779889.79	9428.44	305805.83
367880	1	6.93	0.33	0.7	183.66	1.26	1.63	0.59	0.08	0.09	4.57	0.99	0.49	7146	31	18	16	4.61	12043	1247	0.75	5.19	1.0	0.0	1321901.0	2878955.64	8375.23	42562.39
8026327	1	1.77	0.07	0.56	2.26	0.5	0.93	0.0	0.0	0.01	0.06	0.0	0.13	16	6	6	18	3.76	611	253	0.01	0.14	1.0	0.0	4216697.74	8490467.54	690165.75	2701367.84
10591655	1	0.0	0.0	1.52	0.0	0.0	4.28	0.0	0.0	0.02	0.0	0.0	0.33	0	0	205	1	7.83	5182	3376	0.02	0.33	1.0	0.0	6353731.93	7908553.69	619.62	17643.89
11020855	1	2.11	0.12	0.06	3.29	0.7	0.55	0.1	0.02	0.01	0.58	0.27	0.12	218	28	33	16	6.72	12896	5307	0.13	0.79	1.0	0.0	4923714.24	9514350.12	18195.58	216355.16
2479333	1	0.0	0.0	1.21	0.06	0.0	1.28	0.0	0.0	0.17	0.07	0.0	0.74	1	0	38	6	3.53	1408	1019	0.18	0.74	1.0	0.0	1632615.25	3401329.6	36038.95	291481.92
7016748	1	1.22	1.78	0.73	1.85	61.72	24.87	0.01	0.02	0.0	0.17	0.29	0.09	32	4654	1606	2	7.28	21284	5601	0.04	0.37	1.0	0.0	4125658.17	6635892.71	9331.61	158597.99
4594058	1	10.48	0.22	3.16	491.98	0.91	3.56	5.61	0.02	0.08	361.31	0.2	0.42	23259	24	58	2	5.91	61939	4144	5.71	361.36	0.99	0.09	5299910.14	8198788.04	17512.15	318058.28
18823148	1	0.14	0.17	3.35	0.87	0.89	5.52	0.0	0.0	0.06	0.0	0.0	0.46	10	10	61	22	5.54	592	158	0.06	0.46	1.0	0.0	4962599.33	9115063.09	2096.45	17984.81
1811786	1	0.89	0.05	2.03	1.56	0.38	3.56	0.01	0.0	0.03	0.14	0.03	0.7	20	10	82	8	6.22	10824	3583	0.04	0.72	1.0	0.0	13081986.04	21630508.51	40475.44	1095904.1
7125835	1	1.0	0.27	2.67	1.69	1.16	3.58	0.14	0.0	2.71	0.54	0.0	3.72	4	8	24	12	2.91	1144	153	2.85	3.91	0.93	0.26	2219522.15	4875278.05	6612.8	61334.07
4598477	1	31.32	5.54	20.84	243.34	173.36	163.3	25.85	5.4	17.86	215.61	247.91	161.12	4181	5747	2295	22	7.74	126699	2153	49.1	462.46	0.32	0.47	1557582.54	3613560.36	95896.27	2121958.89
2030868	1	0.67	0.49	5.08	2.41	1.94	21.22	0.01	0.01	0.18	0.34	0.4	1.45	41	55	2255	23	8.14	85581	13195	0.2	1.72	0.67	0.47	4989220.15	9815280.46	2897.59	60433.63
7074530	1	0.19	0.0	6.87	1.13	0.05	14.26	0.0	0.0	0.0	0.0	0.03	0.08	7	1	315	22	8.96	10075	1427	0.0	0.11	0.0	0.0	5471245.57	5550514.03	741.27	18861.0
1671506	1	0.15	0.24	2.71	4.27	4.17	23.36	0.14	0.14	1.97	6.17	5.24	32.03	185	190	902	6	6.89	24332	5596	2.25	42.93	0.96	0.19	1511575.92	3075034.27	3760.71	139126.81
648410	1	2.56	1.0	0.42	3.66	2.91	1.24	0.24	0.12	0.1	1.45	0.9	0.56	53	31	12	9	4.97	4394	1012	0.46	2.59	1.0	0.0	1530445.14	3197140.38	185400.28	2425979.6
4246875	1	2.83	0.42	0.26	2.41	1.52	1.0	0.23	0.09	0.03	1.31	0.9	0.2	24	13	14	21	7.09	3497	907	0.34	2.13	1.0	0.0	2927449.59	5715252.55	101416.93	1038220.34
14632721	1	2.17	0.2	0.9	1.91	0.91	44.67	0.07	0.02	0.0	0.61	0.22	0.06	53	24	2402	6	2.83	9444	2802	0.09	0.78	0.99	0.12	5668904.26	10071383.02	12974.86	190609.31
5766757	1	1.0	0.0	1.0	0.0	0.0	0.0	0.07	0.0	0.07	0.25	0.0	0.25	1	0	1	3	0.0	32	16	0.13	0.5	1.0	0.0	721782.13	28.97	34.8	24.87
13912340	1	2.53	0.05	0.07	1.54	0.34	0.4	0.03	0.0	0.0	0.35	0.02	0.08	12	5	9	10	5.79	4549	1702	0.03	0.36	1.0	0.0	6000085.83	11036899.69	34100.11	132670.81
11344024	1	2.0	0.0	0.0	0.0	0.08	0.0	0.0	0.0	0.0	0.09	0.0	0.0	2	2	0	17	7.33	2766	1379	0.0	0.09	1.0	0.0	129801.86	519660.38	65626.29	83706.26
9527245	1	4.88	0.46	3.94	9.14	4.65	17.37	0.03	0.0	0.0	0.4	0.0	0.07	53	153	326	10	4.0	16690	1785	0.03	0.43	1.0	0.0	5771128.36	18184052.32	20624.48	386860.83
11233090	1	0.15	0.0	2.19	0.6	0.0	0.48	0.0	0.0	0.08	0.0	0.0	0.39	3	0	3	15	4.8	61	26	0.08	0.39	1.0	0.0	23042923.42	30632579.45	228999.4	1076776.86
3452245	1	0.16	0.16	7.4	1.4	1.42	23.2	0.1	0.08	4.39	1.01	0.96	15.3	44	27	596	9	6.9	16783	1529	4.57	16.06	1.0	0.0	2349189.81	3723174.02	70719.98	465460.01
5642077	1	2.17	0.21	0.39	3.11	1.2	0.85	0.04	0.0	0.02	0.99	0.0	0.22	59	38	8	23	6.33	5366	1904	0.06	1.03	1.0	0.0	3224342.99	5526775.27	36175.75	384814.23
9914992	1	3.26	0.0	3.29	38.52	0.0	27.43	0.0	0.0	1.67	0.0	0.0	19.61	459	0	232	20	2.22	923	140	1.67	19.61	0.5	0.5	2038529.43	2908531.75	847386.21	9966746.84
16038205	1	1.58	0.3	0.21	7.93	1.2	0.68	0.03	0.01	0.01	0.31	0.19	0.19	482	29	12	11	4.17	8013	3718	0.06	0.45	1.0	0.0	5671717.18	10559851.2	6062.26	87484.15
4540091	1	0.06	0.02	1.75	0.23	0.22	1.11	0.0	0.0	0.02	0.0	0.0	0.24	1	2	4	10	2.1	296	162	0.02	0.24	0.95	0.22	3965944.74	6870905.57	573876.71	7238375.32
7541422	1	0.22	0.26	2.98	1.14	1.19	5.41	0.01	0.01	0.02	0.1	0.1	0.18	18	18	60	3	7.94	1382	396	0.03	0.37	1.0	0.0	1097490.32	1756741.03	10381.63	66869.11
18289815	1	0.2	0.22	1.59	1.72	0.74	1.77	0.0	0.0	0.0	0.05	0.0	0.05	21	6	15	23	9.87	927	458	0.0	0.07	0.96	0.19	8255608.88	13186298.56	17233.87	178915.7
13184603	1	2.61	0.02	0.05	1.93	0.26	0.32	0.01	0.0	0.0	0.22	0.0	0.05	19	5	5	19	4.46	5931	2202	0.01	0.23	1.0	0.0	6782061.98	9121480.54	7665.37	80812.33
2490128	1	2.95	0.25	0.21	1.83	1.87	1.99	0.02	0.05	0.02	1.19	1.44	1.41	78	75	114	19	7.69	22531	6541	0.09	3.71	0.17	0.37	14050865.7	17473826.36	24029.59	1182530.05
14967932	1	3.25	0.06	1.25	79.1	0.55	1.51	0.01	0.0	0.01	0.15	0.07	0.12	2124	12	20	7	5.02	3280	712	0.02	0.2	1.0	0.0	150647.51	1156223.04	111514.52	2067778.58
11187190	1	0.11	0.05	3.18	1.57	0.53	5.77	0.07	0.01	0.49	2.24	0.41	6.04	38	10	88	13	6.18	4187	1155	0.57	7.86	0.98	0.13	2507571.12	5722163.37	100681.73	3150473.14
620581	1	1.98	0.45	0.68	4.09	4.63	3.3	0.07	0.01	0.03	0.78	0.15	0.27	168	235	168	23	7.22	9236	2841	0.11	0.91	1.0	0.0	2263405.92	3270627.68	24184.43	467199.12
3236748	1	1.73	0.13	0.1	1.73	1.29	0.75	0.02	0.0	0.01	0.39	0.08	0.3	86	86	23	20	4.92	12944	6520	0.04	0.6	1.0	0.0	5139049.04	5771346.14	27493.94	226776.37
16159125	1	0.6	0.27	0.67	0.88	0.78	0.78	0.0	0.02	0.01	0.06	0.16	0.11	12	11	8	8	3.7	2432	1522	0.04	0.21	1.0	0.0	11294723.04	11340025.53	11376.93	258532.24
3453363	1	2.44	0.13	0.14	1.68	0.77	0.63	0.01	0.0	0.0	0.13	0.0	0.12	21	19	14	20	7.39	6959	2557	0.01	0.18	1.0	0.0	3698774.72	5592184.69	17008.7	171400.21
3109161	1	1.55	0.17	0.68	1.89	0.7	1.14	0.02	0.01	0.01	0.32	0.17	0.11	20	8	8	12	6.21	1069	442	0.04	0.43	1.0	0.0	3985861.92	8469582.84	374216.7	4481882.01
12562331	1	0.23	0.14	2.39	1.03	0.92	3.66	0.0	0.0	0.08	0.09	0.11	0.59	15	15	49	2	4.69	6380	2236	0.08	0.62	1.0	0.0	9712506.51	19295613.28	2957.44	35633.58
9918750	1	2.52	0.3	8.0	2.27	1.13	20.91	0.03	0.0	0.02	0.37	0.02	0.46	57	33	584	14	3.22	34694	3175	0.04	0.68	1.0	0.0	5146488.76	9051992.97	24267.62	688594.32
12871376	1	1.52	0.11	0.68	2.26	0.72	1.09	0.0	0.0	0.0	0.07	0.03	0.11	27	24	13	8	6.89	6192	2672	0.01	0.18	1.0	0.0	7072038.83	12610779.57	29627.65	988555.59
87916	1	26.73	13.11	1.14	26.39	22.84	2.58	18.37	18.36	0.12	25.18	25.19	0.9	53	53	24	4	5.38	33409	583	36.84	50.29	0.5	0.5	3507965.13	5661455.77	258390.08	3335108.03
601940	1	2.06	0.27	0.52	2.46	1.14	1.56	0.03	0.01	0.02	0.51	0.25	0.2	32	22	30	23	6.85	9298	3182	0.06	0.84	0.98	0.12	2973244.67	4816999.41	14104.81	191201.62
4556419	1	0.66	1.37	3.92	2.23	2.7	8.22	0.0	0.03	0.03	0.05	0.35	0.3	35	41	269	23	8.49	17803	2940	0.06	0.48	0.08	0.27	3780791.0	6491675.0	6299.5	96471.09
18150126	1	0.09	1.08	3.18	2.59	60.94	56.14	0.06	0.01	1.26	2.98	0.22	3.53	128	4463	4118	17	7.54	54020	9251	1.33	4.67	0.3	0.46	43295017.88	47966228.73	2756.24	38819.72
7369635	1	0.83	0.97	0.83	7.62	2.04	1.18	0.36	0.04	0.01	1.44	0.5	0.12	149	9	10	19	6.49	2498	867	0.41	1.51	0.0	0.0	4197333.96	8097064.3	130939.36	2695994.2
7192839	1	0.63	1.98	4.95	1.6	8.42	150.19	0.0	0.01	0.0	0.0	0.15	0.0	16	244	4993	16	6.63	8357	1103	0.01	0.15	1.0	0.0	6577823.24	7712874.78	2648.22	69828.58
6055023	1	3.0	0.01	0.02	1.66	0.1	0.17	0.05	0.0	0.0	0.51	0.02	0.0	9	4	2	2	8.31	10340	3354	0.05	0.51	0.38	0.49	600105.91	2468344.74	11431.7	162319.62
10622600	1	0.0	0.04	1.5	0.0	0.2	2.3	0.0	0.0	0.02	0.0	0.0	0.47	0	2	34	9	2.19	2228	1450	0.02	0.47	1.0	0.0	5856263.28	7937862.57	1706.24	48985.41
13177883	1	1.94	0.04	0.18	1.76	0.34	0.75	0.04	0.0	0.02	1.11	0.11	0.5	89	7	36	16	6.21	15162	6881	0.06	1.63	1.0	0.0	9953428.34	12558230.18	4884.79	229016.64
270244	1	2.0	0.35	0.53	2.43	1.75	4.05	0.05	0.02	0.04	0.71	0.61	0.31	72	65	221	22	7.63	12180	4070	0.11	1.42	1.0	0.0	2515626.39	4425439.34	21350.32	861777.04
12079660	1	0.18	0.03	0.06	0.75	0.19	0.8	0.0	0.0	0.0	0.03	0.03	0.05	4	5	50	17	6.47	3414	12615	0.0	0.07	0.1	0.3	5424710.89	26020630.66	9262.88	417347.23
6552142	1	1.85	0.14	0.17	1.31	0.65	0.58	0.01	0.0	0.01	0.22	0.0	0.12	11	11	5	9	6.1	1777	815	0.02	0.25	1.0	0.0	4153439.62	5730111.8	102673.07	900676.14
19392737	1	0.45	2.92	0.82	1.17	2.46	3.78	0.0	0.0	0.09	0.0	0.0	1.31	6	5	26	0	8.25	890	212	0.09	1.31	0.66	0.47	19074688.88	20442248.62	98517.99	385758.29
14352475	1	1.99	0.0	0.01	0.16	0.0	0.26	0.03	0.0	0.0	0.24	0.0	0.0	2	0	7	17	4.22	1552	767	0.03	0.24	0.0	0.0	1779760.59	5738229.31	43322.92	700198.06
5014074	1	1.78	0.11	0.06	23.65	7.04	3.17	0.01	0.0	0.0	0.1	0.0	0.0	1497	446	199	21	6.9	7835	3992	0.01	0.1	0.0	0.0	40.74	78.74	52130.14	850945.4
3188459	1	1.64	0.37	3.16	9.11	2.1	87.41	0.01	0.02	0.13	0.11	0.25	1.87	488	106	4697	0	8.56	14955	2807	0.16	1.89	1.0	0.0	1659139.47	3805897.24	65402.79	164260.57
3137323	1	2.44	0.18	0.16	2.16	0.79	0.55	0.01	0.0	0.0	0.23	0.0	0.05	33	10	6	13	5.01	2536	908	0.01	0.24	1.0	0.0	4865469.29	8913813.29	185767.55	3427252.84
8908655	1	2.49	0.25	2.2	4.0	1.44	7.65	0.46	0.04	0.19	4.7	0.42	1.89	74	63	261	12	6.66	50008	9092	0.69	6.83	1.0	0.06	6412301.66	23087880.84	12126.35	443322.27
14488899	1	0.38	0.33	1.46	2.18	1.71	54.32	0.06	0.18	0.39	0.51	0.85	3.02	100	106	4197	23	7.64	12942	4177	0.63	3.24	1.0	0.0	349882.94	2215201.36	14751.0	172852.45
12646874	1	1.91	0.27	0.71	3.82	1.16	2.11	0.03	0.01	0.04	0.3	0.13	0.38	91	15	36	6	6.79	2508	846	0.07	0.54	0.98	0.14	3953140.6	7780294.69	77889.27	1058756.08
9778222	1	0.0	0.0	1.01	0.0	0.0	0.21	0.0	0.0	0.32	0.0	0.0	0.97	0	0	4	6	3.28	632	477	0.32	0.97	0.0	0.0	1324108.44	3807544.71	18023.75	225611.48
15449111	1	1.31	0.83	0.08	2.01	1.56	1.11	0.31	1.44	0.0	2.44	1.3	0.12	133	88	76	21	6.03	13542	3365	1.76	2.98	1.0	0.0	1637955.22	7679439.64	12689.14	55792.35
11954575	1	1.53	0.45	0.34	2.15	1.29	0.75	0.01	0.01	0.01	0.19	0.16	0.12	34	20	6	19	7.21	3492	1484	0.03	0.31	1.0	0.0	5900179.8	12144898.44	24955.73	57857.16
9618947	1	2.11	0.18	0.07	0.93	0.83	0.68	0.04	0.01	0.0	0.54	0.38	0.05	13	11	18	8	4.28	2003	837	0.06	0.88	1.0	0.0	3196344.21	6149905.84	33962.65	344601.92
9810518	1	1.13	0.11	0.63	1.49	0.56	1.1	0.0	0.0	0.0	0.05	0.0	0.08	15	6	8	11	6.54	2275	1217	0.01	0.11	1.0	0.0	5043857.72	12304088.1	25701.25	536190.24
8729652	1	0.06	0.1	1.25	1.11	1.28	1.63	0.01	0.01	0.05	0.51	0.4	0.43	42	51	52	0	7.31	6803	4662	0.08	0.89	1.0	0.0	6239835.81	7593906.85	25217.48	277408.26
17310692	1	2.63	0.03	0.12	2.21	0.26	0.52	0.03	0.0	0.0	0.39	0.0	0.05	27	5	9	9	6.77	5603	1988	0.03	0.41	1.0	0.0	9769645.1	17060668.31	6671.85	104187.29
502295	1	0.1	0.02	1.14	1.95	0.66	3.13	0.01	0.0	0.1	0.13	0.03	0.48	146	47	260	11	5.21	9150	6690	0.1	0.5	1.0	0.0	2191131.18	3972597.64	21160.19	1233305.02
8675237	1	1.59	2.1	5.14	3.47	4.78	18.86	0.04	0.03	0.13	0.45	1.27	2.77	44	156	574	3	7.22	39191	4314	0.2	3.79	0.99	0.1	5627975.35	8784149.34	9253.52	197290.67
7029070	1	1.68	0.71	1.06	1.51	1.41	48.99	0.55	0.29	0.03	2.7	2.38	0.36	24	24	2825	17	6.93	12055	2725	0.87	4.99	0.62	0.49	1679150.75	3793615.49	20130.2	338816.85
3827324	1	0.0	0.01	1.03	0.0	0.08	0.36	0.0	0.0	0.01	0.0	0.0	0.1	0	1	10	18	6.43	1430	1373	0.01	0.1	0.26	0.44	13782389.8	16910466.09	104478.89	3400876.32
15240085	1	2.13	0.12	0.13	1.45	0.97	0.61	0.03	0.0	0.01	0.34	0.0	0.2	15	20	5	22	7.38	1499	627	0.04	0.5	1.0	0.0	8781908.81	15462538.96	62102.42	712776.92
8545370	1	0.0	0.38	2.17	0.0	1.06	1.06	0.0	0.0	0.11	0.0	0.0	0.55	0	4	3	15	3.74	224	86	0.11	0.55	1.0	0.0	3573652.22	5799700.4	112383.9	732250.35
4169926	1	0.02	0.06	1.73	0.32	0.88	1.63	0.0	0.0	0.3	0.05	0.1	2.23	12	36	24	7	4.85	3811	1822	0.31	2.24	0.99	0.1	3027731.85	5604792.93	17084.66	192889.14
236211	1	0.85	0.7	1.64	2.45	2.35	2.51	0.21	0.07	0.19	1.15	0.88	1.45	37	35	45	23	6.48	9765	2627	0.46	2.46	0.99	0.09	2613866.57	4621446.53	35752.59	912675.65
5875093	1	2.0	0.15	0.42	2.11	0.85	0.97	0.02	0.0	0.01	0.32	0.16	0.25	29	23	12	16	6.58	5041	1936	0.04	0.48	1.0	0.0	3957465.59	6373621.58	7566.57	125377.63
3295223	1	0.8	0.0	1.65	1.95	0.0	3.32	0.01	0.0	0.06	0.11	0.0	0.56	13	0	18	22	9.17	199	80	0.08	0.67	1.0	0.0	4354019.36	3955447.09	108965.35	904404.17
7246336	1	1.56	0.0	0.0	1.5	0.0	0.03	0.0	0.0	0.0	0.08	0.0	0.0	3	0	1	22	9.57	2476	1588	0.0	0.08	0.44	0.5	7853360.53	10834919.68	3963.98	144670.72
1124563	1	0.42	1.55	1.35	1.6	5.93	8.41	0.02	0.21	0.27	0.76	1.43	10.71	60	592	626	18	7.86	40936	10723	0.51	12.14	0.98	0.12	2117329.75	3926792.42	8024.11	578337.36
4350739	1	2.33	0.15	0.21	3.55	0.71	0.75	0.02	0.0	0.01	0.35	0.0	0.2	96	11	7	14	5.88	2388	885	0.03	0.47	1.0	0.06	3348906.75	5769831.6	29551.28	275501.36
4082686	1	1.91	0.47	0.69	4.49	1.72	1.1	0.06	0.02	0.03	0.59	0.19	0.25	65	23	12	21	6.75	2608	818	0.11	0.76	1.0	0.0	1359516.04	2885482.13	139834.23	2099390.22
9745868	1	2.4	0.37	0.32	2.17	2.01	1.3	0.01	0.0	0.04	0.17	0.05	0.51	17	30	17	20	5.1	1376	439	0.05	0.54	1.0	0.0	6060418.02	9540716.24	251579.37	2344789.87
6339071	1	2.0	0.21	0.33	1.86	0.99	1.0	0.01	0.0	0.01	0.13	0.0	0.16	14	16	11	11	4.65	1053	410	0.02	0.2	1.0	0.0	4164483.51	7151707.73	376152.55	1378599.15
14682280	1	3.32	0.44	0.29	2.69	1.72	0.64	0.04	0.0	0.07	0.47	0.0	0.48	17	17	3	20	3.12	691	164	0.1	0.67	1.0	0.0	11440577.1	19412461.51	239390.5	920559.05
6228552	1	1.87	0.24	0.78	4.97	1.01	2.36	0.05	0.01	0.1	0.47	0.16	0.66	132	22	73	20	5.02	4173	1350	0.17	0.91	1.0	0.0	1981461.33	4063941.45	76063.25	1113072.74
10075168	1	0.0	15.44	8.97	0.0	346.47	36.0	0.0	0.17	2.1	0.0	0.82	34.15	0	9382	695	4	5.67	17864	673	2.28	34.15	0.0	0.0	1166748.93	2954218.79	135184.26	460576.88
12169187	1	0.28	0.81	9.3	1.07	2.31	11.51	0.01	0.01	0.01	0.26	0.18	0.17	9	12	73	23	7.58	21504	2049	0.03	0.37	0.99	0.1	5833475.89	8673350.07	41524.65	1713572.99
17911900	1	0.19	2.59	1.37	1.47	2.8	4.79	0.0	0.03	0.03	0.1	0.48	0.38	15	20	157	0	10.07	8027	1874	0.06	0.63	0.0	0.0	7508111.4	9263403.48	14718.42	112724.03
15893400	1	1.69	0.1	0.7	2.84	0.56	1.16	0.02	0.0	0.0	0.37	0.0	0.0	34	5	11	23	7.46	1504	601	0.02	0.37	1.0	0.0	16456631.78	38914564.61	24263.46	181879.95
15746028	1	1.66	0.22	0.84	3.87	0.9	1.52	0.02	0.0	0.02	0.16	0.08	0.24	55	14	20	20	6.86	2150	777	0.03	0.31	1.0	0.0	2677653.95	6568526.71	40083.18	173245.92
7423137	1	0.0	0.18	3.0	0.0	0.57	2.94	0.0	0.0	0.01	0.0	0.0	0.17	0	3	228	20	3.99	31400	9854	0.01	0.17	1.0	0.0	5813749.75	7761432.99	7476.51	469195.71
114861	1	2.47	0.64	0.84	2.89	2.0	2.95	0.07	0.03	0.09	0.71	0.38	0.67	38	30	95	19	7.14	5835	1418	0.18	1.36	1.0	0.0	2496636.15	3723355.57	54984.57	893367.39
15532331	1	2.33	6.62	1.28	11.73	8.61	6.0	3.26	8.81	1.68	17.36	17.9	8.0	579	135	258	19	6.97	54989	2528	13.75	37.98	0.08	0.27	317690.23	2301985.71	10974.73	31116.27
234358	1	3.3	1.08	2.5	6.98	5.6	21.84	8.67	2.86	5.56	161.59	50.58	92.32	121	227	772	21	8.14	29578	1605	17.09	302.41	0.0	0.02	892316.12	2198264.28	65765.13	219192.47
9047641	1	0.83	0.0	1.1	7.92	0.0	1.01	0.2	0.0	0.08	0.75	0.0	0.56	249	0	14	4	6.68	3916	1831	0.28	0.99	0.28	0.45	9159457.56	11995575.56	9510.55	191796.19
6456299	1	1.77	0.37	0.46	2.68	2.16	1.25	0.07	0.01	0.03	0.43	0.14	0.16	24	28	12	11	5.14	530	193	0.11	0.55	1.0	0.0	2225228.06	3520021.29	232045.36	918290.87
7193144	1	3.32	0.41	0.4	5.72	1.03	1.9	0.03	0.0	0.07	0.21	0.0	0.76	47	5	17	10	5.94	463	110	0.1	0.79	1.0	0.0	5751379.01	9098236.2	1068360.96	5700525.52
6773911	1	1.11	0.16	1.02	1.51	0.76	1.41	0.01	0.0	0.01	0.12	0.12	0.17	18	12	8	22	8.29	1417	613	0.02	0.24	1.0	0.04	13276754.61	23734364.94	148835.76	1761452.71
3991663	1	35.88	0.28	106.79	111.44	4.24	134.14	68.67	0.4	191.13	160.51	5.98	130.08	839	176	4594	3	7.3	817295	2662	260.19	225.01	0.0	0.0	1794184.41	2743837.34	36582.47	1005672.39
4536516	1	1.69	0.49	0.3	2.07	1.89	0.72	0.22	0.08	0.11	1.17	1.13	0.5	30	31	10	12	4.52	3519	1217	0.41	1.84	1.0	0.03	2498703.05	4649404.52	15349.74	151272.35
1016403	1	0.0	0.0	8.72	0.0	0.0	19.25	0.0	0.0	0.37	0.0	0.0	3.53	0	0	165	0	9.72	916	104	0.37	3.53	0.99	0.1	675416.34	1408957.9	1805.11	11570.83
1134615	1	0.02	0.0	3.63	0.27	0.18	29.49	0.0	0.0	0.04	0.0	0.0	0.67	9	8	1864	21	6.73	14651	3983	0.04	0.67	0.99	0.11	3736433.6	6079662.61	29333.58	1013983.93
7128788	1	0.05	0.0	2.63	0.78	0.0	6.0	0.0	0.0	0.13	0.0	0.0	1.14	17	0	392	20	7.81	24006	8396	0.13	1.14	1.0	0.0	3519072.62	3682299.53	1742.75	47500.47
6678853	1	0.4	0.98	6.4	2.15	2.69	14.35	0.0	0.0	0.27	0.0	0.04	1.15	25	25	283	13	5.94	4369	529	0.27	1.16	0.18	0.38	1564410.72	2298389.37	120159.71	1885873.98
7225622	1	3.37	1.42	1.74	2.04	4.83	4.72	0.19	0.01	0.01	0.91	0.22	0.33	19	44	166	17	7.39	274820	40178	0.21	1.03	0.84	0.37	10160198.99	10704193.03	1438.64	134658.18
371906	1	0.04	0.0	1.07	0.4	0.0	0.41	0.0	0.0	0.02	0.0	0.0	0.14	4	0	4	3	5.18	108	96	0.02	0.14	1.0	0.0	2519848.71	4165995.88	102158.9	805347.76
13102546	1	10.62	4.83	4.99	242.69	13.54	29.35	5.94	0.61	0.76	237.58	4.5	5.03	11728	320	1190	20	7.56	69832	2929	7.31	237.91	1.0	0.0	2651.3	154705.01	808.33	7559.5
3467218	1	0.35	3.77	0.52	1.76	2.87	1.26	0.01	0.65	0.01	0.2	2.31	0.08	52	52	36	18	6.09	17435	3302	0.66	2.35	0.99	0.09	1994151.77	4464723.69	6319.67	326514.42
14286554	1	0.83	0.11	2.05	5.35	0.81	3.15	0.0	0.0	0.0	0.0	0.0	0.03	52	18	80	5	6.84	4518	1511	0.0	0.03	1.0	0.0	6779925.53	5595703.31	92.68	1460.05
4260898	1	0.28	0.21	1.21	0.9	0.7	1.12	0.05	0.06	0.02	0.45	0.48	0.29	13	13	15	0	7.29	11546	6597	0.13	0.97	1.0	0.02	3773345.95	6194984.1	30107.86	589358.14
13022980	1	0.2	2.67	0.21	0.96	4.05	0.82	0.0	0.01	0.0	0.08	0.15	0.1	26	84	26	21	7.12	14332	4613	0.02	0.2	1.0	0.0	6868660.94	10731284.86	8155.02	169659.43
4901395	1	1.79	0.45	1.57	1.48	1.13	21.33	0.01	0.05	0.01	0.19	0.48	0.15	9	10	428	14	4.08	1572	404	0.07	0.58	1.0	0.0	2601878.98	3887981.62	169353.01	893310.83
7722125	1	1.11	0.11	1.05	2.27	0.45	1.18	0.0	0.0	0.03	0.0	0.0	0.26	13	2	7	12	3.24	139	61	0.03	0.26	1.0	0.0	3831881.8	5061806.48	162504.58	608983.39
19224014	1	7.83	0.51	1.87	14.86	2.43	2.73	0.01	0.0	0.0	0.26	0.05	0.05	47	28	38	11	2.59	3906	383	0.02	0.36	1.0	0.0	470007.54	2882149.85	55165.14	214680.11
3152359	1	0.0	0.0	1.4	0.08	0.0	1.13	0.0	0.0	0.37	0.09	0.0	2.52	2	0	23	4	8.6	840	477	0.37	2.52	0.99	0.09	1519220.9	2988895.51	67193.16	431530.87
6932179	1	2.0	1.15	0.94	2.05	1.74	1.69	0.01	0.01	0.01	0.16	0.21	0.26	20	23	20	20	9.39	4017	982	0.02	0.43	0.65	0.48	9646873.97	11445330.64	19984.62	300477.03
20095134	1	1.98	0.01	0.01	0.2	0.17	0.13	0.01	0.01	0.0	0.2	0.19	0.0	2	2	3	21	7.57	6102	3018	0.02	0.34	0.0	0.0	27041436.62	22545760.34	3748.58	56375.5
4530215	1	1.99	0.0	0.23	0.08	0.0	1.13	0.01	0.0	0.0	0.12	0.0	0.0	2	0	12	3	1.92	656	295	0.01	0.12	1.0	0.0	2535841.67	3536616.24	6436.81	100867.94
14263445	1	0.33	4.12	20.11	2.36	5.39	12.59	0.01	0.02	0.03	0.49	0.33	1.15	63	59	122	8	6.94	258299	10460	0.06	1.61	0.0	0.06	5446628.85	6040534.75	1574.49	65911.56
1390043	1	1.37	0.07	0.55	1.1	0.35	1.11	0.01	0.0	0.0	0.13	0.0	0.0	7	4	12	7	4.53	490	246	0.01	0.13	0.01	0.09	1751203.06	1889679.4	194639.29	1894158.95
2230472	1	0.07	0.98	5.35	0.53	7.98	115.44	0.0	0.11	0.04	0.06	0.86	1.08	9	266	4500	20	8.34	13242	2025	0.15	1.43	0.56	0.5	8240958.7	10632667.62	7341.86	208548.27
15990950	1	0.0	0.0	1.77	0.0	0.0	0.42	0.0	0.0	0.0	0.0	0.0	0.02	0	0	3	0	9.59	15711	8876	0.0	0.02	1.0	0.0	5761178.51	4518404.11	272.33	6113.9
1206249	1	18.78	0.01	0.72	6.19	0.25	7.67	0.05	0.01	0.22	0.9	0.25	7.68	36	9	273	5	6.3	24732	1262	0.28	7.94	0.0	0.0	4135113.79	3704682.71	11219.05	377647.16
9332754	1	0.03	0.01	1.38	0.38	0.17	0.73	0.0	0.0	0.2	0.0	0.0	1.86	9	5	11	20	5.8	1828	1138	0.2	1.86	1.0	0.0	4201093.07	6449113.25	90747.21	643146.86
16459962	1	0.0	0.0	3.7	0.0	0.0	16.59	0.0	0.0	0.0	0.0	0.0	0.04	0	0	707	2	7.16	9871	2665	0.0	0.04	1.0	0.0	5915851.8	7807632.51	35.76	269.24
6120	1	3.61	0.21	14.02	4.71	1.52	34.6	4.82	0.1	29.23	5.74	0.91	57.45	107	47	709	2	7.51	648431	12293	34.15	57.61	0.15	0.36	3621913.51	4707714.41	1781.84	220816.36
5512121	1	159.09	1.99	5.17	106.9	2.93	13.12	0.21	0.09	0.15	2.69	0.82	0.53	265	47	135	9	6.88	1462765	8044	0.45	3.18	0.0	0.0	5091945.78	10323200.26	150.36	7250.71
3732271	1	0.02	2.27	1.95	0.15	2.43	1.6	0.0	1.33	0.65	0.02	2.19	1.34	3	6	15	3	8.1	21482	3527	1.98	3.17	0.36	0.48	5015805.8	5025909.57	18966.19	384866.97
12340719	1	2.37	0.27	1.47	1.72	2.27	35.92	0.01	0.0	0.0	0.12	0.0	0.0	13	44	934	19	6.78	2770	674	0.01	0.12	1.0	0.0	7088351.3	15558066.0	32847.99	608530.85
17379646	1	1.99	0.0	0.0	0.1	0.0	0.0	0.01	0.0	0.0	0.1	0.0	0.0	2	0	0	5	4.03	786	393	0.01	0.1	0.8	0.4	10529740.76	15907212.16	30790.89	302722.49
7466563	1	1.44	0.15	0.83	7.61	0.77	1.47	0.03	0.0	0.08	0.29	0.11	0.54	298	21	42	19	6.84	4299	1685	0.11	0.7	1.0	0.0	2359265.78	4841375.74	37414.06	701297.82
17637025	1	2.06	0.1	0.04	1.01	0.48	0.29	0.02	0.0	0.0	0.23	0.0	0.0	7	3	3	18	5.42	524	237	0.02	0.23	1.0	0.0	3820095.57	7250446.16	46303.03	90087.14
12923076	1	1.34	0.82	2.54	15.4	24.73	13.75	0.1	0.69	0.33	2.82	24.91	11.86	295	916	436	3	7.33	6469	1352	1.12	39.57	1.0	0.0	7276028.05	12421329.28	45408.42	672990.11
20611691	1	0.0	7.3	0.52	0.0	8.01	2.37	0.0	3.65	0.22	0.0	17.99	2.85	0	91	50	0	6.92	16050	1424	3.87	18.55	0.0	0.03	1834595.69	5013421.35	2757.56	44133.58
16266655	1	23.48	0.9	8.44	23.55	0.99	69.37	4.18	0.04	0.0	18.05	0.27	0.0	55	2	701	11	4.98	4005	111	4.22	18.04	0.48	0.5	58303.73	165859.91	141807.12	285632.12
15270283	1	1.04	2.33	8.25	5.66	10.99	23.23	0.01	0.13	0.05	0.75	6.49	0.64	113	382	909	7	6.6	41311	3502	0.19	6.69	1.0	0.0	5362632.75	8110791.94	336.29	6588.76
4568569	1	0.15	1.07	1.32	0.6	2.35	2.8	0.0	0.01	0.03	0.12	0.17	0.24	5	14	166	17	4.6	11294	4359	0.04	0.32	0.29	0.45	3879462.46	6221091.46	5068.42	146360.6
4534303	1	0.1	0.26	1.72	0.74	1.32	3.04	0.0	0.0	0.0	0.0	0.0	0.04	19	19	81	1	7.68	2188	1049	0.0	0.04	0.84	0.37	4664391.38	7147428.13	39899.0	783549.32
17423885	1	0.0	0.0	3.18	0.0	0.0	12.75	0.0	0.0	0.63	0.0	0.0	9.36	0	0	139	22	6.91	729	227	0.63	9.36	0.0	0.0	2155426.75	1243382.69	2944.19	19875.28
8432038	1	0.12	0.16	1.97	0.46	0.52	1.95	0.0	0.0	0.04	0.0	0.0	0.35	2	2	9	15	6.33	167	74	0.04	0.35	1.0	0.0	30199981.47	32572206.86	308456.12	2339694.11
4328888	1	2.18	1.46	0.32	3.51	44.49	0.89	0.04	0.0	0.0	0.63	0.12	0.06	93	1578	11	8	6.38	4984	1242	0.04	0.66	1.0	0.0	2583096.18	4485025.82	80105.33	1881025.11
2976602	1	97.51	0.44	5.68	193.23	1.38	147.12	8.31	0.24	0.3	62.15	0.67	0.63	490	14	5583	5	8.14	152228	1032	8.86	62.09	0.95	0.21	3168212.53	5527948.02	25853.84	442536.11
10051648	1	1.78	0.11	1.81	1.56	0.35	1.02	0.0	0.0	0.0	0.08	0.0	0.06	16	3	18	12	6.27	4636	1254	0.0	0.14	0.99	0.1	5976129.26	6928708.78	1542.96	42348.38
1800430	1	0.01	0.01	1.63	0.08	0.11	1.48	0.0	0.0	0.01	0.0	0.0	0.14	2	1	19	6	5.48	1867	1124	0.01	0.14	1.0	0.0	1120193.94	1383008.14	34490.43	917217.44
6937400	1	1.49	0.18	0.31	1.58	1.25	1.14	0.01	0.0	0.0	0.14	0.08	0.09	20	20	21	18	5.08	1285	643	0.02	0.23	1.0	0.0	4448820.14	6429634.95	123534.88	1129179.99
16769134	1	1.86	0.05	0.79	1.22	0.3	5.42	0.06	0.03	0.31	0.39	0.26	4.09	12	3	63	17	4.48	682	240	0.41	4.56	0.35	0.48	2959950.88	6993680.3	39683.57	96360.01
2450100	1	3.49	0.35	1.08	58.74	2.06	1.45	0.03	0.02	0.04	0.31	0.27	0.28	1715	53	24	0	7.17	4221	833	0.08	0.68	1.0	0.0	1717980.05	3638884.39	31499.71	353798.36
1465663	1	0.46	1.25	2.4	1.6	3.72	7.56	0.0	0.02	0.05	0.1	0.27	0.39	29	139	269	2	5.34	8477	2007	0.08	0.56	0.0	0.0	1678855.23	3238460.14	58551.82	1159114.18
712009	1	1.72	0.28	0.63	3.93	1.18	1.0	0.04	0.03	0.01	0.51	0.5	0.21	63	15	7	22	7.69	942	355	0.08	1.01	1.0	0.05	2424878.23	4397381.63	433089.21	4080091.62
7826260	1	2.42	0.18	0.16	2.09	0.74	0.85	0.03	0.01	0.01	0.32	0.14	0.1	18	7	10	13	7.09	1322	472	0.04	0.37	1.0	0.0	3333636.04	5189857.45	38029.23	611048.76
5197800	1	0.0	0.0	8.26	0.0	0.06	8.26	0.0	0.0	0.07	0.0	0.0	0.76	0	1	45	12	3.85	2223	267	0.07	0.76	1.0	0.0	14120498.74	13410725.96	764876.8	9048450.67
4198854	1	2.17	0.31	0.52	2.96	0.9	1.12	0.07	0.0	0.09	0.36	0.0	0.38	20	6	6	5	5.63	192	59	0.16	0.52	1.0	0.0	3051947.47	3387969.4	632128.94	4352808.84
11130678	1	2.02	0.02	0.31	1.82	0.13	0.67	0.24	0.0	0.04	0.76	0.0	0.19	9	1	4	20	6.8	136	52	0.27	0.77	1.0	0.0	5166864.81	7927186.67	1093240.96	1851250.85
18058143	1	1.08	3.85	7.69	1.82	3.66	7.48	0.0	0.17	0.67	0.0	0.55	2.21	6	14	28	4	3.23	164	13	0.83	2.76	1.0	0.0	3903677.31	4194471.56	1587528.58	5265047.0
1017261	1	2.2	0.46	0.35	1.13	1.49	0.94	0.05	0.09	0.05	0.38	0.74	0.32	7	7	10	15	6.84	806	261	0.2	1.38	1.0	0.0	1997004.25	3227697.34	259933.55	2181717.6
12529212	1	26.17	0.0	0.76	11.4	0.0	2.78	0.06	0.0	0.0	1.34	0.0	0.0	62	0	26	18	8.1	28705	1065	0.06	1.34	1.0	0.0	33179872.13	15663708.48	4349.29	138073.27
5503687	1	0.13	0.02	1.28	2.37	0.84	8.31	0.0	0.0	0.01	0.0	0.0	0.08	83	30	296	4	8.35	1818	1256	0.01	0.08	1.0	0.0	4499000.19	8082998.29	39442.14	641289.48
12652825	1	2.02	0.19	0.12	1.81	0.54	0.39	0.05	0.0	0.02	0.31	0.0	0.15	11	2	2	12	4.4	100	42	0.07	0.34	1.0	0.0	3349054.14	5703985.17	352097.71	531022.25
5177705	1	0.95	1.07	3.05	2.06	2.04	2.77	0.22	0.22	0.01	0.78	0.78	0.1	29	29	29	2	6.53	2155	396	0.45	1.57	0.0	0.0	2842572.01	4077702.46	2281.38	13479.17
8605090	1	1.82	0.13	0.49	2.58	0.61	0.92	0.01	0.0	0.04	0.09	0.0	0.27	26	4	5	18	4.75	304	122	0.05	0.28	1.0	0.0	1710180.65	2871516.53	63430.49	419245.16
11678474	1	2.48	0.04	0.1	2.22	0.27	0.42	0.0	0.0	0.0	0.11	0.0	0.03	39	3	5	15	3.42	2930	1118	0.01	0.11	1.0	0.0	7858854.84	11943369.51	82305.47	1398170.97
13462970	1	1.67	0.09	0.34	1.25	0.48	0.64	0.05	0.0	0.0	0.35	0.0	0.0	4	4	3	12	5.05	227	107	0.05	0.35	1.0	0.0	2206476.95	3725801.32	482979.9	2242641.13
7302634	1	2.11	0.19	0.24	1.68	0.81	0.79	0.0	0.0	0.01	0.0	0.0	0.09	11	6	7	12	5.5	312	123	0.01	0.09	1.0	0.0	3255014.15	5854894.98	395150.28	1779742.39
12657917	1	2.0	0.0	0.0	0.0	0.0	0.0	0.05	0.0	0.0	0.32	0.0	0.0	2	0	0	4	7.18	76	38	0.05	0.32	0.0	0.0	6234473.58	12365779.65	244863.57	930574.49
18671567	1	0.0	0.0	1.5	0.0	0.0	2.94	0.0	0.0	0.0	0.0	0.0	0.02	0	0	70	7	5.49	2818	1873	0.0	0.02	1.0	0.0	11686227.0	19221326.72	913.62	33817.62
14818921	1	2.16	7.09	95.18	9.93	15.99	117.84	0.6	5.86	70.57	2.59	8.04	115.17	193	225	1026	0	9.13	109756	431	77.03	120.24	0.0	0.0	2636057.95	3658493.85	54946.3	649884.23
6471211	1	2.79	2.38	0.0	2.03	1.7	0.0	0.03	0.02	0.0	0.3	0.24	0.0	16	8	0	0	8.62	2289	441	0.04	0.53	0.0	0.0	3195793.61	5023574.78	4813.8	99810.93
1248477	1	13.83	0.53	2.19	26.21	1.92	3.0	18.79	0.05	0.58	31.1	0.37	2.3	136	15	27	5	7.04	13697	526	19.43	31.97	1.0	0.0	3455739.44	8025559.65	59447.07	810274.82
5277842	1	5.89	0.48	2.56	16.7	2.2	20.97	8.53	0.67	1.9	20.67	1.83	4.6	397	143	964	9	5.0	375833	24208	11.11	21.9	0.0	0.0	5296187.04	9310260.64	1926.61	79262.15
9781674	1	0.99	0.41	4.1	1.07	1.1	15.0	0.0	0.0	0.0	0.04	0.04	0.04	7	17	240	4	6.31	2767	503	0.01	0.13	0.0	0.0	3290503.45	1622206.4	871.4	14875.86
2556697	1	0.95	0.54	0.94	1.78	1.89	1.12	0.02	0.14	0.1	0.42	1.56	0.92	25	20	9	16	4.34	1447	579	0.26	2.51	1.0	0.0	1860346.46	4210681.41	48581.41	315354.99
11292691	1	2.1	0.18	2.34	5.54	0.8	8.45	0.04	0.0	0.12	0.45	0.0	0.41	94	7	113	5	6.3	1769	343	0.16	0.65	1.0	0.0	3372911.22	5692296.43	98039.22	311007.63
6164758	1	2.22	0.26	0.11	1.26	0.7	0.42	0.0	0.12	0.0	0.0	0.58	0.0	5	3	2	22	0.83	70	27	0.12	0.58	1.0	0.0	1368227.44	1427913.18	156591.65	781203.13
198291	1	5.54	0.02	4.24	19.62	0.15	37.6	0.03	0.0	0.01	0.58	0.0	0.08	336	2	578	11	5.65	2976	300	0.04	0.58	1.0	0.0	7702127.22	13426298.93	78506.33	1157641.69
484830	1	4.1	1.78	1.02	6.23	6.37	3.24	1.45	1.1	0.55	5.53	5.35	2.66	35	31	18	0	7.58	3379	425	3.1	13.45	1.0	0.0	1928835.9	2960375.25	165290.27	3202851.25
8108756	1	3.57	0.26	0.04	1.4	0.7	0.54	0.02	0.0	0.0	0.31	0.0	0.0	7	3	7	8	5.58	643	166	0.02	0.31	1.0	0.0	435783.25	804435.48	17966.3	83625.23
8009601	1	1.99	0.34	0.29	1.48	1.07	1.16	0.03	0.0	0.0	0.38	0.0	0.0	8	6	13	4	6.37	445	170	0.03	0.38	1.0	0.0	2536758.01	5128634.49	118996.57	437213.28
2948166	1	0.41	0.46	3.11	1.51	1.85	7.2	0.0	0.01	0.01	0.0	0.09	0.09	26	26	140	13	5.73	2212	554	0.01	0.15	0.79	0.41	1903094.97	3455609.91	47108.36	864556.24
4373711	1	98.07	1.72	2.11	536.31	4.38	11.47	10.2	0.06	0.35	527.76	1.57	10.26	30045	141	384	21	5.64	345131	3315	10.62	535.82	0.02	0.15	2165392.12	5802280.12	11537.24	405330.56
17164356	1	74.54	1.58	12.46	106.76	16.18	16.15	15.47	1.47	10.56	14.89	5.04	3.26	397	1219	513	3	8.78	666983	2552	27.5	17.78	0.01	0.08	4391429.79	4761329.67	3855.23	118944.62
2135003	1	0.37	0.39	3.83	1.72	1.75	2.29	0.0	0.0	0.17	0.0	0.0	0.79	19	19	17	21	4.85	665	139	0.17	0.79	1.0	0.0	2963700.48	2999263.98	37121.38	210599.17
9563533	1	0.01	0.73	2.19	0.19	1.49	1.78	0.0	0.0	0.01	0.0	0.0	0.11	3	5	41	2	7.94	3813	1297	0.01	0.11	0.98	0.14	9709631.24	8776272.37	85165.95	1036675.47
1726768	1	0.0	0.28	1.17	0.0	1.04	0.89	0.0	0.0	0.03	0.0	0.0	0.61	0	5	14	18	2.99	781	535	0.03	0.61	0.0	0.0	1643011.74	3274381.53	9980.16	86937.31
2255142	1	0.19	0.3	1.99	0.39	4.86	9.19	0.16	0.1	0.22	0.64	0.49	3.57	1	109	194	1	6.65	1243	398	0.49	3.72	1.0	0.0	2267054.09	5065192.53	99745.62	286716.66
5679624	1	47.57	0.27	0.1	464.64	0.83	0.53	0.02	0.0	0.01	0.2	0.0	0.1	4786	4	5	18	5.86	5033	104	0.03	0.22	1.0	0.0	370349.7	1065610.73	178984.38	1387666.87
10453231	1	9.0	1.55	3.89	9.0	0.84	3.91	0.42	0.05	0.0	2.71	0.3	0.0	18	2	8	20	3.95	635	44	0.47	3.01	0.05	0.21	5354066.75	4472331.27	30405.56	166217.65
15093225	1	2.58	0.04	0.13	1.74	0.31	0.52	0.16	0.0	0.01	1.11	0.0	0.15	18	4	4	17	6.69	1330	468	0.17	1.13	1.0	0.0	4891052.76	7153378.85	11118.68	56040.86
7482776	1	0.0	2.23	3.26	0.0	5.91	11.91	0.0	0.01	0.0	0.0	0.13	0.09	0	72	189	13	4.64	2844	515	0.01	0.16	1.0	0.0	905982.13	1696117.34	15192.56	100452.47
2897456	1	0.12	0.03	1.16	0.4	0.23	0.64	0.08	0.02	0.27	0.33	0.2	0.7	3	2	6	20	5.82	301	192	0.37	0.99	1.0	0.0	3517123.13	6560817.91	883435.19	8537717.2
98511	1	0.0	4.46	2.53	0.0	51.62	1.38	0.0	0.0	0.03	0.0	0.0	0.24	0	602	8	0	6.84	943	134	0.03	0.24	0.0	0.0	1845905.04	2178384.66	53966.63	560348.25
630810	1	0.0	0.0	1.02	0.0	0.0	0.17	0.0	0.0	0.03	0.0	0.0	0.16	0	0	3	14	7.29	200	192	0.03	0.16	1.0	0.0	1018404.58	1274306.68	337.33	3258.9
9758377	1	1.14	0.26	0.99	1.34	0.86	1.71	0.01	0.0	0.02	0.13	0.0	0.16	8	8	16	7	6.01	543	225	0.03	0.21	1.0	0.0	5751174.38	15148077.09	82093.71	719807.8
5375009	1	1.91	0.21	0.08	3.23	1.67	0.57	0.01	0.0	0.01	0.11	0.0	0.11	75	44	9	17	4.77	1803	814	0.01	0.15	1.0	0.0	2020817.61	3304231.38	35225.37	192059.96
6990130	1	1.69	0.12	0.38	1.78	0.65	0.74	0.01	0.0	0.0	0.15	0.0	0.06	18	8	5	11	4.11	1293	586	0.01	0.16	1.0	0.0	4025498.45	6226307.72	226040.57	4381917.32
8163269	1	0.0	0.0	1.05	0.0	0.0	0.23	0.0	0.0	0.01	0.0	0.0	0.12	0	0	2	3	0.62	78	74	0.01	0.12	1.0	0.0	853426.45	764314.16	1178651.23	10000614.36
8435267	1	0.0	4.1	2.55	0.06	53.32	6.42	0.0	0.0	0.35	0.0	0.0	3.9	1	838	65	2	8.1	1822	259	0.35	3.9	0.0	0.0	6492164.32	8406473.89	106660.78	846531.69
6352359	1	2.91	0.4	0.22	3.62	0.91	0.59	0.02	0.0	0.0	0.13	0.0	0.0	26	4	3	8	6.15	194	55	0.02	0.13	1.0	0.0	1861612.75	3817319.66	546712.63	2255638.85
9478351	1	0.28	8.23	10.58	2.44	77.24	60.84	0.0	0.0	1.7	0.0	0.0	10.87	29	962	587	15	5.79	3034	102	1.7	10.87	1.0	0.0	362869.16	1299630.37	958850.16	5366580.29
6925813	1	2.22	0.14	0.12	1.56	0.72	0.56	0.01	0.0	0.01	0.14	0.0	0.09	20	9	6	20	5.4	1706	687	0.01	0.19	1.0	0.0	4436988.25	6917005.6	39506.28	192117.94
9738871	1	1.07	0.0	1.33	0.43	0.0	17.6	0.46	0.0	0.44	0.87	0.0	8.52	5	0	331	16	6.73	1270	375	0.9	8.54	0.0	0.0	197.22	1914.34	250247.87	1197818.14
9540159	1	17.98	0.61	7.35	80.72	2.22	15.93	0.02	0.01	0.02	0.28	0.17	0.23	1112	20	141	8	5.07	8558	329	0.04	0.66	1.0	0.0	7243695.18	11277165.71	453407.45	5677784.82
6126668	1	0.64	0.69	2.3	1.52	2.29	5.4	0.0	0.0	0.03	0.0	0.0	0.28	13	31	66	19	7.41	991	269	0.03	0.28	1.0	0.0	4466859.95	6710245.4	19939.81	250816.77
8047153	1	0.04	0.0	8.67	0.89	0.0	6.91	0.11	0.0	16.26	1.5	0.0	6.16	20	0	120	17	2.47	4379	177	16.37	6.33	0.0	0.0	14913937.36	11876149.75	186715.07	2538325.7
3938356	1	2.2	0.22	1.58	3.27	1.16	1.76	3.15	0.24	0.33	3.75	1.21	1.47	10	20	13	12	4.19	4092	589	3.72	4.22	1.0	0.0	5454757.89	5936797.58	92796.92	2592504.47
16458921	1	1.5	0.51	0.16	1.17	1.28	0.55	0.01	0.0	0.0	0.13	0.0	0.0	6	9	4	18	2.94	489	225	0.01	0.13	1.0	0.0	2630907.35	5205065.66	31706.89	131536.13
587779	1	0.27	0.01	1.18	0.45	0.14	1.34	0.13	0.0	0.44	0.34	0.0	1.17	2	3	11	12	5.18	712	342	0.57	1.23	1.0	0.0	2108876.61	3699594.52	68899.51	956199.2
7048732	1	0.12	0.2	4.49	0.43	0.92	29.52	0.12	0.12	6.81	0.47	0.55	41.83	2	9	361	5	5.07	713	74	7.05	41.84	0.45	0.5	16742325.82	22646104.7	697878.37	5377667.64
1611616	1	0.24	0.11	1.26	0.83	0.65	0.96	0.0	0.0	0.01	0.0	0.0	0.08	8	7	5	19	2.95	252	157	0.01	0.08	1.0	0.0	2479799.47	3217516.61	173504.96	754092.51
5340240	1	1.93	0.35	0.67	3.94	1.47	0.96	0.0	0.0	0.01	0.0	0.0	0.09	40	14	5	13	2.91	387	131	0.01	0.09	1.0	0.0	1287995.44	1998041.06	227988.22	788564.84
6861762	1	2.41	0.65	0.63	3.27	2.04	1.85	0.01	0.0	0.01	0.07	0.0	0.07	25	12	15	23	8.03	682	184	0.01	0.1	1.0	0.0	1834527.34	3487636.97	252626.51	953387.09
10477943	1	2.99	0.0	0.0	0.2	0.0	0.0	0.01	0.0	0.0	0.2	0.0	0.0	3	0	0	21	6.85	663	222	0.01	0.2	1.0	0.0	1238980.45	1427876.46	68372.95	976305.89
7688536	1	0.0	14.61	0.0	0.0	13.44	0.0	0.0	0.11	0.0	0.0	1.46	0.0	0	138	0	23	10.02	4311	294	0.11	1.46	0.0	0.0	5723379.89	7729856.09	594.48	6112.59
2888951	1	0.05	1.32	1.11	0.46	1.87	1.44	0.0	0.34	0.03	0.0	2.22	0.2	4	7	14	16	2.82	1129	420	0.36	2.23	0.26	0.44	3031617.02	5629460.82	323694.72	6324981.67
8719212	1	0.0	0.0	1.29	0.0	0.0	0.65	0.0	0.0	0.07	0.0	0.0	0.29	0	0	5	14	0.76	172	126	0.07	0.29	1.0	0.0	3159088.8	5907708.97	74.33	174.83
814230	1	0.0	0.0	2.82	0.0	0.0	13.95	0.0	0.0	0.02	0.0	0.0	0.13	0	0	110	7	0.76	169	60	0.02	0.13	1.0	0.0	5314617.68	3211885.66	123.92	120.58
16400314	1	0.0	0.0	1.77	0.0	0.0	0.46	0.0	0.0	0.03	0.0	0.0	0.4	0	0	6	3	7.27	3395	1867	0.03	0.4	1.0	0.0	19009437.58	10341686.31	2541.6	27436.33
17728316	1	2.5	0.01	0.0	0.95	0.2	0.07	0.01	0.0	0.0	0.14	0.0	0.0	7	3	1	21	4.28	541	215	0.01	0.14	1.0	0.0	7542879.39	12581266.95	20046.71	103631.85
7498787	1	2.1	0.33	2.1	1.92	5.7	49.88	0.0	0.0	0.0	0.07	0.0	0.07	17	154	1356	21	8.33	3345	737	0.01	0.1	1.0	0.0	4489935.77	6900274.02	100234.2	1621949.36
14203477	1	10.71	0.0	0.17	24.65	0.0	0.38	0.13	0.0	0.0	0.48	0.0	0.0	116	0	1	6	7.22	381	33	0.13	0.48	0.0	0.0	38728.8	218308.71	1267562.62	2270007.5
12284128	1	6.66	20.55	31.16	38.26	41.35	125.01	0.19	3.47	4.4	1.28	20.74	32.64	501	303	1916	13	5.76	23174	373	8.06	44.09	0.0	0.0	1026948.67	2028523.44	197376.42	1880174.38
14678237	1	0.0	4.0	0.0	0.0	0.0	0.0	0.0	0.08	0.0	0.0	0.57	0.0	0	4	0	20	3.25	392	97	0.08	0.57	0.0	0.0	6286084.02	2688230.61	3359.95	26240.4
9034037	1	0.0	0.0	1.23	0.0	0.0	0.42	0.0	0.0	0.01	0.0	0.0	0.15	0	0	2	16	5.2	227	185	0.01	0.15	0.0	0.0	2534274.19	1315488.67	3784.86	46448.44
3383237	1	9.34	0.37	37.1	15.31	1.51	32.65	0.0	0.0	0.01	0.0	0.0	0.13	116	18	118	17	5.17	19799	420	0.01	0.13	0.4	0.49	5661793.48	8023937.71	312212.64	4883527.94
1980571	1	0.11	0.49	2.88	1.67	7.54	28.28	0.0	0.0	0.03	0.0	0.0	0.19	26	117	440	23	7.15	835	235	0.03	0.19	1.0	0.0	3614661.3	8384022.51	448028.76	5259755.26
5088029	1	0.0	3.5	0.13	0.0	1.32	0.33	0.0	0.57	0.0	0.0	1.4	0.0	0	4	1	20	5.62	29	8	0.57	1.4	1.0	0.0	1519031.88	3600953.29	7019277.14	17193367.31
9369556	1	1.39	1.84	0.53	3.44	2.24	1.01	0.02	0.02	0.02	0.13	0.13	0.13	19	9	4	3	4.35	233	62	0.05	0.38	1.0	0.0	3606484.56	8166647.56	320402.3	1127724.89
4496512	1	0.0	0.0	3.0	0.0	0.0	0.0	0.0	0.0	3.0	0.0	0.0	0.0	0	0	3	10	0.0	3	1	3.0	0.0	1.0	0.0	238369.0	0.0	nan	0.0
7082157	1	1.87	0.19	0.29	1.7	0.88	0.86	0.04	0.0	0.01	0.36	0.0	0.14	16	10	12	12	5.11	815	339	0.06	0.38	1.0	0.0	3301345.46	5255826.12	9266.84	32454.61
8512209	1	2.31	0.0	0.0	0.52	0.0	0.0	0.03	0.0	0.0	0.24	0.0	0.0	4	0	0	2	6.83	164	71	0.03	0.24	1.0	0.0	4481529.51	6233543.44	55777.03	274727.71
3213831	1	0.2	0.31	4.82	1.64	1.74	16.49	0.0	0.0	1.8	0.0	0.0	17.02	23	23	167	8	5.24	1098	172	1.8	17.02	0.68	0.47	2021935.28	4494118.68	612430.65	6781895.85
14587969	1	12.81	11.04	0.58	14.58	148.91	0.54	0.0	11.1	0.02	0.0	149.32	0.22	45	2020	3	0	7.64	4471	183	11.12	149.54	0.0	0.0	16698.98	47811.4	159410.55	940255.29
7716793	1	0.0	0.0	1.74	0.0	0.0	2.33	0.0	0.0	0.02	0.0	0.0	0.21	0	0	20	3	1.68	155	89	0.02	0.21	1.0	0.0	20867.27	74704.38	19750.1	137797.76
14641272	1	2.32	1.04	0.75	2.23	2.69	1.79	0.03	0.05	0.01	0.23	0.34	0.08	20	26	15	9	4.89	1333	312	0.08	0.42	1.0	0.0	2536202.46	5886490.63	157304.19	312728.85
7049876	1	1.77	0.24	0.53	1.6	0.82	0.91	0.03	0.02	0.01	0.32	0.21	0.11	7	4	4	10	3.15	221	87	0.07	0.64	1.0	0.0	1617648.67	2701041.83	46548.74	281092.17
12319974	1	1.71	0.09	0.04	0.78	0.39	0.19	0.01	0.0	0.01	0.09	0.0	0.09	4	2	1	8	6.69	205	111	0.02	0.13	1.0	0.0	2253733.71	3738388.12	450109.14	1231837.51
14602944	1	1.98	0.5	0.78	2.84	1.22	1.78	0.03	0.05	0.04	0.25	0.37	0.34	25	9	14	17	5.24	583	176	0.11	0.8	1.0	0.0	4666979.97	9148444.19	198950.77	618463.14
6913867	1	1.74	0.35	0.65	2.5	1.51	1.4	0.01	0.0	0.01	0.11	0.0	0.16	21	16	13	12	5.93	952	344	0.02	0.19	1.0	0.0	3631197.72	6442057.87	26979.08	226240.01
3824077	1	1.08	0.12	4.64	2.1	0.42	4.56	0.03	0.0	0.0	0.33	0.0	0.0	17	3	27	10	1.95	847	145	0.03	0.33	0.17	0.37	1986553.87	3923873.54	130699.92	1017155.6
9469526	1	2.51	0.0	0.31	3.98	0.0	0.59	0.03	0.0	0.0	0.26	0.0	0.0	30	0	2	22	7.33	166	59	0.03	0.26	1.0	0.0	3875238.83	6957024.0	175342.59	857165.87
4887713	1	0.0	0.0	2.51	0.0	0.0	23.44	0.0	0.0	0.27	0.0	0.0	0.99	0	0	384	0	2.63	668	212	0.27	0.99	0.0	0.0	1091528.47	2702369.84	351660.57	931510.7
6946612	1	1.03	0.14	1.06	1.58	0.59	1.17	0.06	0.0	0.0	0.34	0.0	0.0	7	3	4	12	5.37	78	35	0.06	0.34	1.0	0.0	5342317.49	8748491.51	1863.35	2110.21
7165030	1	2.0	0.0	0.04	0.58	0.0	0.2	0.8	0.0	0.0	1.42	0.0	0.0	4	0	1	5	0.45	49	16	0.8	1.42	0.0	0.0	2452.46	2043.88	120.26	160.43
2041210	1	2.21	0.37	0.17	1.86	1.37	0.55	0.01	0.0	0.0	0.1	0.0	0.0	14	12	3	16	4.81	284	103	0.01	0.1	1.0	0.0	3182699.98	5534673.42	551427.55	4448168.37
4579728	1	3.0	0.0	0.0	0.0	0.0	0.0	0.09	0.0	0.0	0.51	0.0	0.0	3	0	0	5	0.86	105	35	0.09	0.51	1.0	0.0	2692171.37	2745759.32	266.21	281.74
2476645	1	0.0	4.16	0.0	0.0	4.84	0.0	0.0	0.11	0.0	0.0	0.46	0.0	0	24	0	14	0.58	79	19	0.11	0.46	1.0	0.0	900319.42	810680.55	53101.89	217838.43
10579749	1	4.17	1.03	0.0	0.91	2.26	0.0	0.24	0.18	0.0	0.95	1.03	0.0	6	6	0	17	7.74	182	34	0.42	1.83	0.0	0.0	3612438.14	5220825.87	289996.38	1550333.83
8175416	1	0.0	0.65	1.28	0.0	1.89	1.08	0.0	0.0	0.01	0.0	0.0	0.1	0	8	5	16	0.4	178	92	0.01	0.1	0.0	0.0	1785929.02	1172447.21	2904.26	27137.0
3999233	1	0.68	0.5	1.93	0.91	0.92	5.0	0.03	0.03	0.03	0.16	0.16	0.16	4	4	33	0	10.86	124	40	0.08	0.47	0.95	0.22	724463.2	1372492.03	245960.74	1462308.32
3320708	1	1.0	0.0	0.3	0.32	0.0	1.1	0.05	0.0	0.0	0.22	0.0	0.0	2	0	5	2	8.81	26	20	0.05	0.22	1.0	0.0	7952976.05	8726574.92	7450.84	16845.62
8988477	1	1.46	0.21	0.8	3.51	0.65	1.61	0.06	0.01	0.04	0.41	0.11	0.34	31	3	13	19	2.49	198	78	0.12	0.6	0.99	0.11	5013145.29	7199909.05	335083.75	2336884.94
4729200	1	0.31	0.37	0.66	0.46	0.48	0.48	0.03	0.06	0.3	0.17	0.24	0.46	1	1	1	11	6.6	124	68	0.39	0.62	0.2	0.4	1742899.05	2741504.35	679980.02	2807171.5
7140592	1	0.0	0.0	0.0	0.0	0.0	0.0	0.0	0.0	0.0	0.0	0.0	0.0	0	0	0	19	0.0	0	32	0.0	0.0	0.0	0.0	0.0	0.0	24.48	32.51
4719670	1	0.0	0.03	1.42	0.0	0.17	0.87	0.0	0.0	0.02	0.0	0.0	0.13	0	1	6	15	7.23	239	163	0.02	0.13	0.0	0.0	1872890.99	3508128.5	154340.65	1426760.79
11529654	1	0.14	0.21	4.0	0.52	0.56	5.03	0.0	0.0	0.08	0.0	0.0	0.27	2	2	21	11	0.96	61	14	0.08	0.27	1.0	0.0	4877050.21	4638937.2	125627.46	410783.53
1187248	1	1.36	0.36	1.0	1.43	0.77	1.81	0.1	0.0	0.0	0.3	0.0	0.0	4	2	6	8	3.77	30	11	0.1	0.3	1.0	0.0	2032864.91	3947667.49	400463.4	950567.15
5980974	1	1.3	0.16	3.72	1.63	0.63	1.84	0.0	0.0	0.06	0.0	0.0	0.48	5	4	10	6	3.95	358	69	0.06	0.48	0.0	0.0	4460042.01	7540361.4	183863.18	999100.57
7294931	1	1.74	0.2	0.23	1.85	1.16	0.68	0.02	0.0	0.0	0.16	0.0	0.0	16	15	4	8	5.19	404	185	0.02	0.16	1.0	0.0	4383803.61	5895055.92	392641.55	3537565.74
7268893	1	0.0	4.8	0.0	0.0	1.13	0.0	0.0	0.5	0.0	0.0	1.64	0.0	0	7	0	13	5.25	120	23	0.5	1.64	0.6	0.49	4450773.4	4234614.07	23572.0	85751.41
15800598	1	3.89	0.11	0.05	0.45	0.45	0.22	0.22	0.0	0.0	0.92	0.0	0.0	4	2	1	7	0.22	77	19	0.22	0.92	1.0	0.0	3993699.95	3664391.71	211085.5	870076.79
10638141	1	0.0	0.0	0.0	0.0	0.0	0.0	0.0	0.0	0.0	0.0	0.0	0.0	0	0	0	20	0.3	0	915	0.0	0.0	0.5	0.5	21096850.1	32226178.06	4.58	12.78
7639874	1	1.77	0.23	0.0	1.5	0.8	0.0	0.08	0.0	0.0	0.39	0.0	0.0	8	4	0	8	4.77	52	26	0.08	0.39	1.0	0.0	4003958.35	8264593.43	458649.04	1032408.05
16146895	1	3.59	2.77	0.85	14.38	2.99	3.26	0.51	0.04	0.0	6.63	0.38	0.0	136	14	28	17	2.5	1261	172	0.55	6.64	1.0	0.0	9487641.78	12547737.25	66892.95	458067.61
8034284	1	2.21	0.54	0.04	1.61	1.87	0.2	0.09	0.0	0.0	0.41	0.0	0.0	5	9	1	12	2.71	67	24	0.09	0.41	1.0	0.0	3460328.67	3594349.86	507980.57	948564.93
1158220	1	0.07	0.0	1.35	0.25	0.0	1.03	0.0	0.0	0.03	0.0	0.0	0.17	1	0	6	20	6.12	206	142	0.03	0.17	0.0	0.0	19691844.21	21627754.71	193610.71	844530.34
5132189	1	0.0	0.0	1.78	0.0	0.0	1.19	0.0	0.0	3.46	0.0	0.0	3.02	0	0	7	16	2.84	277	53	3.46	3.02	1.0	0.0	1297683.94	2341782.86	135405.55	1036194.69
7582204	1	0.0	0.0	2.57	0.0	0.0	3.13	0.0	0.0	0.05	0.0	0.0	0.44	0	0	29	7	2.94	208	81	0.05	0.44	0.0	0.0	3431553.35	4927967.96	1752.68	13027.17
7673795	1	0.0	0.0	13.68	0.0	0.0	21.07	0.0	0.0	2.45	0.0	0.0	6.79	0	0	199	22	7.21	13460	618	2.45	6.79	1.0	0.0	573154.66	943522.43	4042.02	47684.63
9472257	1	1.37	0.13	0.39	1.36	0.52	0.63	0.03	0.02	0.0	0.25	0.13	0.0	5	3	3	6	5.15	117	62	0.05	0.38	1.0	0.0	2475240.97	4438548.29	473895.33	3023338.73
5595074	1	1.1	0.3	0.0	0.3	0.9	0.0	0.11	0.0	0.0	0.31	0.0	0.0	2	3	0	2	7.66	14	10	0.11	0.31	1.0	0.0	2874175.3	2714764.96	464564.33	716659.93
922334	1	122.98	0.95	3.9	537.23	2.47	5.4	20.33	0.02	0.59	253.81	0.3	3.5	4285	17	40	9	7.47	24160	176	20.95	254.83	0.87	0.33	857796.29	1914261.74	103648.36	1024672.22
5450947	1	1.13	0.0	1.08	1.73	0.0	1.29	0.0	0.0	0.03	0.0	0.0	0.16	6	0	5	1	6.13	86	39	0.03	0.16	1.0	0.0	4869118.0	5720680.72	39886.05	142537.49
4936590	1	21.28	0.0	0.0	1.28	0.0	0.0	9.14	0.0	0.0	15.14	0.0	0.0	26	0	0	23	7.47	1149	38	9.14	15.14	1.0	0.0	66.67	18.62	3676882.7	5617271.16
16073712	1	0.63	2.93	0.32	1.77	9.89	0.82	0.0	0.02	0.04	0.0	0.13	0.27	12	76	3	22	6.28	221	56	0.05	0.3	1.0	0.0	2465723.0	3202591.74	171646.16	607320.92
310830	1	1.0	0.33	1.5	1.15	0.75	1.61	0.2	0.0	0.0	0.4	0.0	0.0	3	2	5	19	3.69	17	6	0.2	0.4	1.0	0.0	88003.33	149780.73	49355.6	87716.27
15281771	1	1.78	0.03	0.03	0.98	0.22	0.17	0.02	0.0	0.0	0.2	0.0	0.0	6	2	1	12	3.62	186	101	0.02	0.2	1.0	0.0	7610089.82	14563511.1	181420.27	1005116.53
4870335	1	2.04	0.4	0.4	1.87	1.26	0.98	0.08	0.08	0.0	0.4	0.4	0.0	10	6	4	20	4.52	71	25	0.17	0.8	1.0	0.0	1361267.4	2242328.22	1203618.29	1821265.4
6027743	1	0.0	0.04	2.19	0.0	0.19	2.42	0.0	0.0	0.08	0.0	0.0	0.38	0	1	13	3	3.37	60	27	0.08	0.38	1.0	0.0	3481404.89	3113098.74	17592.92	87789.42
18285766	1	0.08	1.63	1.02	0.27	0.72	0.6	0.0	0.03	0.02	0.0	0.25	0.13	1	3	3	7	1.04	172	63	0.05	0.38	0.0	0.0	390734.79	720264.08	7152.65	39003.06
12560517	1	0.0	0.0	0.0	0.0	0.0	0.0	0.0	0.0	0.0	0.0	0.0	0.0	0	0	0	0	7.0	0	2	0.0	0.0	1.0	0.0	16210.0	5580.0	123936.0	0.0
8299385	1	0.0	0.0	2.67	0.0	0.0	1.7	0.0	0.0	1.0	0.0	0.0	1.0	0	0	5	2	9.46	8	3	1.0	1.0	1.0	0.0	37460922.33	50579355.03	14205285.0	13246921.0
17963495	1	3.0	0.0	0.0	0.0	0.0	0.0	0.23	0.0	0.0	0.8	0.0	0.0	3	0	0	17	1.04	42	14	0.23	0.8	0.0	0.0	7015224.14	4082431.67	100828.46	349160.53
13393950	1	2.07	0.0	0.0	0.87	0.0	0.0	0.07	0.0	0.0	0.37	0.0	0.0	4	0	0	12	1.96	60	29	0.07	0.37	1.0	0.0	6886789.31	6763152.97	104452.07	266509.57
8589215	1	0.0	1.2	3.0	0.0	2.4	3.03	0.0	3.0	2.5	0.0	3.0	2.5	0	6	8	4	1.47	21	3	5.5	5.5	0.2	0.4	596524.2	1089126.77	499834.25	864870.66
6913650	1	2.18	0.32	0.32	1.86	0.87	0.96	0.05	0.05	0.02	0.29	0.29	0.13	12	5	6	9	3.7	169	59	0.12	0.65	1.0	0.0	2351152.93	3916277.04	815704.36	1028234.58
8623336	1	1.9	0.71	1.61	3.52	2.25	1.24	0.0	0.0	0.27	0.0	0.0	0.81	12	10	4	13	6.1	131	27	0.27	0.81	0.0	0.0	3446953.23	5476744.04	123539.4	619020.3
7671243	1	0.0	0.0	5.5	0.0	0.0	0.5	0.0	0.0	5.0	0.0	0.0	0.0	0	0	6	10	5.0	11	2	5.0	0.0	0.5	0.5	1042428.5	171573.5	6604465.0	0.0
17518500	1	0.36	0.0	2.0	1.29	0.0	1.07	0.63	0.0	0.63	1.65	0.0	1.11	5	0	3	6	0.48	33	9	1.25	2.38	1.0	0.0	613248.0	603337.4	466.15	1082.51
2466321	1	0.43	0.0	4.71	1.05	0.0	3.15	0.0	0.0	1.5	0.0	0.0	3.35	3	0	9	14	0.64	36	7	1.5	3.35	0.86	0.35	1213259.57	2168718.06	2749552.0	6147497.37
3729175	1	2.28	0.33	8.35	4.22	0.96	41.76	0.14	0.09	0.16	0.67	0.6	0.91	14	4	288	2	4.44	504	44	0.4	1.69	0.04	0.2	1523961.59	1116296.52	108933.09	416027.05
14440458	1	0.39	0.64	4.18	1.21	2.45	5.39	0.0	0.0	0.07	0.0	0.0	0.38	6	12	23	15	0.0	146	28	0.07	0.38	1.0	0.0	3448784.14	3350262.02	67.33	135.58
19238806	1	0.41	0.01	10.26	1.74	0.16	5.39	1.07	0.13	95.27	3.0	0.5	44.6	12	2	32	8	1.84	1677	16	96.47	45.24	0.0	0.0	1047247.08	340106.82	138772.44	386367.02
15403562	1	1.0	0.0	0.0	0.0	0.0	0.0	1.0	0.0	0.0	0.0	0.0	0.0	1	0	0	22	0.0	1	1	1.0	0.0	1.0	0.0	1345026.0	0.0	nan	0.0
18984730	1	0.0	0.0	0.0	0.0	0.0	0.0	0.0	0.0	0.0	0.0	0.0	0.0	0	0	0	0	8.82	0	35	0.0	0.0	1.0	0.0	1541509.47	2484702.36	321704.94	477556.27
3923034	1	1.75	0.75	5.5	0.43	0.83	7.4	0.67	0.0	1.33	0.94	0.0	1.89	2	2	18	11	0.0	32	4	2.0	2.83	1.0	0.0	11238793.75	15785291.85	11433447.67	16168789.45
1394109	1	21.3	96.91	77.74	83.13	367.82	201.18	2.38	10.75	51.88	9.2	27.43	174.57	408	1815	723	20	6.91	4507	17	65.0	201.2	1.0	0.0	319.43	921.91	117362.45	341549.78
5145528	1	0.0	0.0	2.79	0.0	0.0	1.24	0.0	0.0	0.67	0.0	0.0	1.19	0	0	6	5	1.67	53	16	0.67	1.19	1.0	0.0	2408958.21	2967678.37	388557.61	1343531.33
1410993	1	0.56	0.0	0.44	0.5	0.0	0.5	0.0	0.0	0.04	0.0	0.0	0.2	1	0	1	23	9.36	25	25	0.04	0.2	0.76	0.43	5361455.72	7564822.3	7145106.21	33835529.55
4709323	1	6.34	0.0	0.22	2.04	0.0	0.74	0.23	0.0	0.0	1.24	0.0	0.0	7	0	4	2	8.2	210	32	0.23	1.24	0.09	0.29	3264206.84	3934704.32	928569.77	5081845.76
7039673	1	1.19	0.25	0.5	1.01	0.97	1.06	0.0	0.0	0.07	0.0	0.0	0.25	4	4	4	14	2.69	31	16	0.07	0.25	1.0	0.0	2381788.0	5020022.04	1888944.07	6422782.06
13628994	1	10.6	17.5	74.4	23.37	40.0	49.64	0.0	18.13	22.0	0.0	47.95	58.21	75	137	169	22	1.1	1025	9	40.13	106.16	0.0	0.0	2579589.7	2103544.56	30313.33	79592.58
14754365	1	1.6	0.0	0.0	0.49	0.0	0.0	0.5	0.0	0.0	0.87	0.0	0.0	2	0	0	10	4.41	8	5	0.5	0.87	1.0	0.0	1837789.6	2528074.75	10070.0	10280.24
12110941	1	1.85	0.73	0.85	1.41	2.36	3.08	0.17	0.0	0.04	0.8	0.0	0.2	5	12	16	19	4.29	89	25	0.21	0.82	1.0	0.0	2796234.65	3366765.32	1487663.52	3297545.8
12319337	1	2.86	0.43	0.48	2.34	1.53	1.18	0.31	0.56	0.5	1.21	1.73	1.32	9	7	4	21	5.31	79	17	1.38	3.12	1.0	0.0	9881244.71	10623404.89	2531900.5	4163452.77
6067097	1	0.0	0.0	0.0	0.0	0.0	0.0	0.0	0.0	0.0	0.0	0.0	0.0	0	0	0	0	0.0	0	5	0.0	0.0	0.0	0.0	0.0	0.0	89.75	48.51
16596082	1	132.0	0.0	0.0	0.82	0.0	0.0	66.5	0.0	0.0	66.5	0.0	0.0	133	0	0	1	8.96	396	3	66.5	66.5	0.0	0.0	58914.33	67155.5	15802826.0	10289763.0
5592739	1	0.0	0.0	3.0	0.0	0.0	0.0	0.0	0.0	3.0	0.0	0.0	0.0	0	0	3	0	0.0	3	1	3.0	0.0	0.0	0.0	29808.0	0.0	nan	0.0
1188514	1	3.0	0.23	17.23	6.63	0.8	27.64	3.5	0.3	15.0	7.42	0.9	30.12	23	3	85	21	2.73	266	11	18.8	38.16	0.0	0.0	140336.62	122189.78	12872.67	41430.51
2866290	1	2.83	0.17	0.0	2.48	0.37	0.0	0.4	0.0	0.0	0.8	0.0	0.0	8	1	0	14	1.8	18	6	0.4	0.8	1.0	0.0	593775.67	466853.39	9103140.2	14925763.08
7449496	1	1.44	0.56	0.38	1.41	1.06	0.86	0.13	0.0	0.0	0.5	0.0	0.0	5	4	3	10	3.4	38	16	0.13	0.5	1.0	0.0	891378.63	2107216.5	18701.4	32291.74
18387056	1	0.16	0.07	41.57	2.0	0.99	1.18	66.0	28.0	16669.0	0.0	0.0	0.0	34	14	55	4	1.56	16763	1	16763.0	0.0	1.0	0.0	81512.34	35043.52	86511.14	31295.3
3230114	1	0.67	0.0	7.33	0.94	0.0	9.67	0.0	0.0	0.5	0.0	0.0	0.5	2	0	21	18	1.7	24	3	0.5	0.5	0.67	0.47	2384.67	1166.84	22068670.5	10504300.5
6447875	1	0.4	1.4	0.6	0.92	0.8	1.02	0.0	0.22	0.0	0.0	0.63	0.0	3	2	3	0	10.31	24	10	0.22	0.63	1.0	0.0	4076223.2	3239087.23	9846.56	23533.63
7170257	1	0.0	0.0	1.95	0.0	0.0	0.44	0.0	0.0	0.33	0.0	0.0	0.47	0	0	3	2	3.22	107	7	0.33	0.47	0.0	0.0	13154.91	85039.17	380876.72	1434264.37
5207410	1	0.0	0.0	1.8	0.0	0.0	1.6	0.0	0.0	0.67	0.0	0.0	0.94	0	0	5	23	8.3	9	4	0.67	0.94	1.0	0.0	2165000.4	4169760.54	37629168.0	34305241.14
8782565	1	1.13	0.38	1.0	1.54	0.7	0.87	0.0	0.17	0.17	0.0	0.37	0.37	4	2	3	18	6.44	20	7	0.33	0.47	1.0	0.0	778374.5	1361415.62	2871535.86	6112320.86
5727164	1	17.07	24.5	78.71	41.82	58.8	190.77	59.75	84.5	274.0	103.49	145.78	472.28	120	170	550	0	10.59	1684	5	418.25	721.55	0.0	0.0	368860.29	832918.72	1218858.54	2334664.18
9614029	1	1.25	1.25	0.5	1.3	1.48	1.0	0.14	0.0	0.43	0.35	0.0	1.05	4	4	3	8	4.36	24	8	0.57	1.4	1.0	0.0	1164778.25	1220647.9	4437563.29	8471886.8
8821540	1	0.0	0.0	0.0	0.0	0.0	0.0	0.0	0.0	0.0	0.0	0.0	0.0	0	0	0	16	0.0	0	1	0.0	0.0	0.0	0.0	0.0	0.0	nan	0.0
3573773	1	1.0	0.0	0.0	0.0	0.0	0.0	1.0	0.0	0.0	0.0	0.0	0.0	1	0	0	21	0.5	2	2	1.0	0.0	0.0	0.0	3508436.5	1262457.5	180.0	0.0
2363800	1	6.0	4.0	0.0	0.0	0.0	0.0	6.0	4.0	0.0	0.0	0.0	0.0	6	4	0	7	0.0	10	1	10.0	0.0	1.0	0.0	1673.0	0.0	nan	0.0
9495007	1	2.0	0.0	0.0	0.0	0.0	0.0	2.0	0.0	0.0	0.0	0.0	0.0	2	0	0	20	0.0	2	1	2.0	0.0	1.0	0.0	23721.0	0.0	nan	0.0
9163626	1	1.0	0.0	6.0	1.0	0.0	5.0	0.0	0.0	1.0	0.0	0.0	0.0	2	0	11	12	3.0	14	2	1.0	0.0	0.0	0.0	3070610.5	1220866.5	884900.0	0.0
10317930	1	1.67	0.0	0.0	0.67	0.0	0.0	0.25	0.0	0.0	0.66	0.0	0.0	3	0	0	9	1.4	15	9	0.25	0.66	1.0	0.0	9217957.89	8472572.05	1014823.38	2654667.23
7212731	1	0.0	0.0	1.0	0.0	0.0	0.0	0.0	0.0	1.0	0.0	0.0	0.0	0	0	1	7	0.0	1	1	1.0	0.0	0.0	0.0	515877.0	0.0	nan	0.0
9201969	1	5.0	0.0	0.0	0.0	0.0	0.0	5.0	0.0	0.0	0.0	0.0	0.0	5	0	0	19	0.0	5	1	5.0	0.0	0.0	0.0	64913.0	0.0	nan	0.0
17692124	1	1.0	0.0	0.0	0.0	0.0	0.0	0.2	0.0	0.0	0.4	0.0	0.0	1	0	0	21	0.0	6	6	0.2	0.4	1.0	0.0	1783875.0	499967.37	134.8	91.12
1358905	1	213.0	0.0	0.0	10.0	0.0	0.0	426.0	0.0	0.0	0.0	0.0	0.0	223	0	0	7	3.5	426	1	426.0	0.0	0.0	0.0	438541.5	104399.5	542941.0	0.0
20508333	1	0.0	0.0	2.67	0.0	0.0	0.47	0.0	0.0	6.0	0.0	0.0	0.0	0	0	3	8	3.09	8	2	6.0	0.0	0.0	0.0	1378985.33	1939064.93	1080450.5	623315.5
9832167	1	2.0	0.0	0.0	0.0	0.0	0.0	2.0	0.0	0.0	0.0	0.0	0.0	2	0	0	0	0.0	2	1	2.0	0.0	0.0	0.0	19358.0	0.0	nan	0.0
4918763	1	3.4	0.8	1.2	0.8	0.75	2.4	1.0	0.25	0.0	1.73	0.43	0.0	4	2	6	16	0.4	27	5	1.25	2.17	0.6	0.49	188950.6	86552.94	474.0	275.89
8962995	1	0.0	0.0	1.0	0.0	0.0	0.0	0.0	0.0	1.0	0.0	0.0	0.0	0	0	1	11	0.0	1	1	1.0	0.0	1.0	0.0	12700514.0	0.0	nan	0.0
8777565	1	1040.5	0.0	0.0	839.5	0.0	0.0	1880.0	0.0	0.0	0.0	0.0	0.0	1880	0	0	10	4.5	2081	2	1880.0	0.0	0.0	0.0	63382.5	49529.5	34911.0	0.0
4746784	1	0.0	0.0	314.0	0.0	0.0	0.0	0.0	0.0	314.0	0.0	0.0	0.0	0	0	314	7	0.0	314	1	314.0	0.0	1.0	0.0	450522.0	0.0	nan	0.0
5020067	1	89.0	0.0	0.0	0.0	0.0	0.0	89.0	0.0	0.0	0.0	0.0	0.0	89	0	0	21	0.0	89	1	89.0	0.0	1.0	0.0	1126445.0	0.0	nan	0.0
2913411	1	2.0	0.0	0.0	0.0	0.0	0.0	2.0	0.0	0.0	0.0	0.0	0.0	2	0	0	20	0.0	2	1	2.0	0.0	1.0	0.0	369.0	0.0	nan	0.0
3171056	1	5.0	1.0	3.0	0.0	0.0	0.0	5.0	1.0	3.0	0.0	0.0	0.0	5	1	3	18	0.0	9	1	9.0	0.0	0.0	0.0	627780.0	0.0	nan	0.0
5737366	1	1.0	1.0	0.0	0.0	0.0	0.0	1.0	1.0	0.0	0.0	0.0	0.0	1	1	0	17	0.0	2	1	2.0	0.0	0.0	0.0	265494.0	0.0	nan	0.0
