a	b	c	d	e	f	g	h	i	j	k	l	m	n	o	p	q	r	s	t	u	v	w	x	y	z	aa	ab	ac
808354	0	5.47	0.21	2.11	14.5	1.34	6.09	11.9	0.42	4.9	29.32	1.96	10.31	90	11	46	3	9.44	732	32	17.23	33.17	0.64	0.48	522674.19	1456515.46	322483.28	1195630.64
433328	1	0.94	0.81	5.66	17.72	4.66	23.3	0.82	0.78	5.09	23.89	4.75	29.05	15937	1016	8617	11	6.91	6632125	483175	6.69	40.63	0.93	0.26	4483198.99	10798649.88	188.82	7202.57
1146111	0	7.33	1.85	3.22	36.06	11.96	27.02	10.13	3.67	5.85	51.09	32.02	44.2	1354	288	1080	0	9.06	26036	797	19.66	97.39	0.02	0.14	791116.41	2903179.75	27922.19	115239.53
861745	0	3.22	10.11	56.72	11.88	63.25	436.92	0.83	0.21	0.14	4.31	1.22	0.8	103	550	4236	17	7.79	6585	82	1.17	5.06	0.41	0.49	1171639.03	2396799.99	1139425.35	5224761.29
306411	0	0.5	0.0	1.5	0.87	0.0	0.87	1.0	0.0	1.0	1.0	0.0	1.0	2	0	3	15	4.49	8	3	2.0	2.0	0.5	0.5	527814.25	787291.59	2752197.33	3157474.2
685387	0	11.24	1.18	4.94	105.11	11.77	30.7	12.33	1.74	3.61	56.76	18.19	17.08	3854	454	1176	6	7.72	33857	980	17.68	73.65	0.43	0.5	2506365.38	5624113.33	66975.21	900834.22
921400	0	3.43	25.44	12.05	105.63	237.04	277.23	3.34	16.42	3.54	120.83	269.2	64.68	8333	15288	15156	20	7.07	566060	9524	23.29	325.19	0.47	0.5	980591.38	3274343.9	16900.62	228643.48
214427	0	2.55	5.63	5.94	38.45	125.12	117.27	2.34	3.25	3.16	50.01	78.13	56.65	6609	12791	13561	6	8.46	624431	29092	8.75	139.3	0.7	0.46	6157917.51	14030437.17	6454.27	27109.97
1249370	0	20.06	20.34	42.0	179.05	87.72	293.41	27.65	41.81	89.14	233.52	460.7	1187.05	4334	1318	5171	14	6.41	53806	255	158.59	1866.73	0.18	0.38	846289.86	3478482.9	356152.65	1007491.61
346384	0	70.88	57.94	40.23	506.47	1429.04	381.19	42.23	15.19	20.28	436.59	114.6	255.27	10875	55422	7879	3	7.86	256280	793	77.7	598.73	0.41	0.49	522448.57	2893107.2	75381.22	1021605.99
5544580	0	1.02	1.4	0.83	1.52	2.76	1.33	0.11	0.16	0.23	0.75	1.04	1.06	8	7	6	11	6.73	153	45	0.5	2.33	0.0	0.0	3362108.04	3248894.39	23485.48	80259.18
3268385	0	49.36	19.0	10.23	512.98	104.92	73.78	29.68	22.29	8.81	690.31	182.08	78.1	9524	2234	1710	21	7.19	103186	686	60.79	720.71	0.34	0.47	1800006.82	7206035.63	155649.95	1323962.41
4851336	1	2.71	0.43	0.72	3.31	1.27	3.63	1.47	0.12	0.27	6.88	0.96	4.99	481	109	478	0	7.82	257769	46072	1.86	9.28	0.0	0.0	2419257.47	5673096.75	3184.14	89958.15
1344935	0	5.15	2.6	2.27	53.29	105.12	23.68	3.17	1.67	1.64	67.85	26.46	25.43	4273	11766	1240	2	8.34	129871	9135	6.49	93.57	0.38	0.48	2416211.8	4963824.22	18860.44	549934.53
3826495	0	12.45	10.2	14.35	226.54	41.35	185.79	43.42	35.71	39.23	516.75	413.74	421.25	9059	736	6773	18	5.5	71159	457	118.36	1186.98	0.35	0.48	206426.61	1034516.8	27452.38	375911.32
1432885	0	30.65	10.34	9.77	327.79	46.52	121.19	13.48	10.74	4.2	106.8	62.73	37.52	6451	629	2476	8	6.82	21322	244	28.42	141.45	0.57	0.49	783814.47	2997766.52	581290.59	3892375.49
468160	0	5.02	5.99	10.41	22.8	29.75	36.12	2.79	5.62	5.0	19.26	43.77	47.7	387	390	502	4	5.93	19451	651	13.41	91.27	0.05	0.23	2667727.16	5465515.47	292059.72	1248936.3
2343954	0	0.29	0.14	6.29	0.7	0.35	7.28	0.0	0.0	21.5	0.0	0.0	21.5	2	1	18	5	8.91	47	3	21.5	21.5	0.0	0.0	1407823.29	2098635.32	7305138.5	7314944.49
7447956	0	35.49	7.55	64.55	367.16	28.26	885.45	5.84	1.23	0.39	60.21	15.33	2.55	5580	296	13854	5	6.5	26252	223	7.45	62.08	0.81	0.39	587344.99	3083883.3	652985.31	3335586.96
205121	0	2.46	1.81	3.74	30.73	26.32	49.77	3.13	2.09	3.6	48.49	33.79	69.8	5797	4656	11071	4	7.89	1056961	67440	8.82	109.09	0.6	0.49	5587797.27	15751070.21	2171.76	60440.95
1318272	0	7.94	4.21	5.95	98.88	73.67	107.92	2.79	0.86	2.25	51.9	23.91	83.52	3137	3501	4016	10	6.74	46560	2330	5.9	103.95	0.92	0.28	3623092.26	7235682.12	80677.86	1502381.97
736168	0	6.48	17.75	14.57	37.5	139.31	91.05	17.5	35.14	28.78	97.01	337.72	165.23	4168	10638	3563	18	8.08	1393333	10519	81.42	455.43	0.22	0.42	2590813.16	7387851.99	6817.92	33388.95
29986	0	6.22	0.86	8.18	100.69	11.88	635.68	1.66	0.43	7.26	62.38	12.62	679.49	5662	815	69886	4	7.41	187654	10580	9.35	682.97	0.36	0.48	3253141.47	9714172.03	26652.37	278101.33
82835	0	3.85	1.63	11.92	49.76	63.13	169.99	1.27	0.88	4.65	56.33	70.99	192.41	16529	19530	52125	22	6.92	3669836	160402	6.8	234.59	0.86	0.35	5625122.66	9624029.51	1475.26	71989.36
2991287	0	19.05	5.93	17.09	53.91	59.84	81.69	41.91	16.87	41.57	153.19	154.78	282.62	820	820	1061	2	8.08	15862	128	100.36	506.52	0.65	0.48	3390783.11	6693749.08	500382.36	2300263.24
3453017	0	0.51	0.44	3.85	4.28	3.84	10.05	0.52	0.41	1.93	10.17	5.5	9.02	114	92	280	18	3.22	6970	980	2.85	20.54	0.95	0.22	7321818.77	14719592.68	147983.29	1105374.31
6424168	1	2.26	0.23	0.17	2.31	1.33	1.59	0.14	0.02	0.02	0.87	0.33	1.26	130	108	265	14	5.8	130322	45990	0.17	2.05	1.0	0.0	6422591.48	10245429.63	2622.15	86354.9
2947772	0	1.62	0.91	3.46	54.46	24.18	56.05	1.06	0.24	0.99	55.97	8.73	48.49	4965	1448	3721	23	9.03	54260	8476	2.29	75.02	0.92	0.28	4895199.46	10690920.07	22463.82	470366.36
8447749	0	2.85	2.84	4.05	13.94	40.93	52.54	0.57	0.92	1.1	12.58	42.26	54.09	607	4245	5328	1	8.31	185622	16865	2.59	94.48	0.68	0.47	6498330.08	11298638.36	8835.36	121848.49
5360838	0	3.02	16.31	11.28	33.03	131.95	168.67	2.29	12.72	9.13	47.19	201.73	273.29	1874	7189	18123	1	8.56	475762	10547	24.14	383.4	0.09	0.29	5582652.71	16931461.36	12981.81	54526.88
6569922	1	0.12	10.07	0.07	2.87	16.9	5.7	0.0	0.37	0.02	0.12	2.26	5.66	2266	2313	4397	0	7.08	6917109	608393	0.39	6.34	1.0	0.05	12674856.74	18071674.4	248.51	69876.84
17885746	0	0.0	0.0	1.0	0.0	0.0	0.0	0.0	0.0	1.0	0.0	0.0	0.0	0	0	1	11	0.0	1	1	1.0	0.0	1.0	0.0	15928870.0	0.0	nan	0.0
121745	0	5.76	7.71	9.83	52.8	55.49	85.23	24.67	31.01	38.14	196.31	196.62	277.82	2145	3274	7038	14	7.76	372863	3288	93.82	536.75	0.12	0.32	667477.07	4315658.49	18624.15	150715.63
231599	1	0.02	1.2	0.58	1.04	1.97	5.71	0.0	0.0	0.07	0.09	0.07	1.03	114	162	1080	22	7.36	126447	69279	0.07	1.06	0.3	0.46	3192106.21	6561887.42	1480.98	153979.73
2742851	0	6.5	1.68	3.28	113.72	43.63	57.93	14.36	3.91	7.51	395.21	89.27	155.26	7136	4714	4640	21	7.43	171159	5987	25.78	555.65	0.83	0.38	14300038.35	40232563.77	13666.85	89072.26
8264159	0	13.04	21.31	40.67	63.78	212.44	361.75	51.83	75.64	179.61	471.78	514.64	1631.65	1372	11192	10114	15	6.68	250483	683	307.08	2533.78	0.1	0.3	990996.57	12089788.38	50756.01	127672.9
405840	0	41.71	4.37	14.92	269.77	26.27	130.34	87.84	10.62	34.82	528.39	61.12	249.81	12398	736	6570	0	8.1	251441	1275	133.28	735.93	0.18	0.39	1913834.12	6081753.53	63820.72	227133.45
3461395	0	2.21	16.64	5.26	16.06	300.07	78.9	1.94	13.32	4.39	22.45	212.8	92.9	707	21632	5260	2	7.56	153509	3831	19.65	253.6	0.07	0.25	5522028.24	18118742.62	35427.19	124365.03
10996774	1	19.11	0.1	0.74	20.57	3.51	26.25	0.94	0.01	0.27	5.41	0.8	26.87	506	1262	14687	22	6.97	8215485	352834	1.22	28.15	1.0	0.0	14541107.37	24685115.56	293.34	30736.79
12614142	0	2.0	0.2	6.6	3.1	0.4	6.92	0.0	0.0	0.0	0.0	0.0	0.0	8	1	16	2	6.34	44	4	0.0	0.0	0.6	0.49	305805.0	550494.81	8176882.75	5335812.46
17829231	0	4.49	0.8	1.93	9.69	2.31	2.93	0.0	0.0	0.0	0.0	0.0	0.0	41	11	13	13	0.69	325	2	0.0	0.0	0.0	0.0	71081.84	388575.83	14040.0	89459.76
212624	0	1.4	3.08	3.58	45.05	57.32	70.68	0.71	0.54	1.4	38.43	24.32	75.17	5250	4845	8305	8	6.88	192549	22797	2.65	99.47	0.35	0.48	86897899.44	120556051.66	11647.83	140590.14
4444	0	10.4	7.54	8.35	58.6	97.89	89.35	17.67	13.6	13.55	128.21	192.86	187.15	2876	7798	3912	18	7.71	367080	5865	44.82	366.54	0.5	0.5	1318447.15	5027765.29	26636.03	111568.54
279219	1	0.18	0.13	1.66	3.25	12.67	26.42	0.04	0.02	0.32	0.62	1.91	10.36	1527	3034	6937	14	6.35	502436	217047	0.38	11.02	0.88	0.33	11448836.62	23632165.98	1095.87	9795.85
5870361	1	1.81	0.18	0.95	2.99	1.0	15.28	0.04	0.0	0.03	0.39	0.11	0.32	172	39	1427	15	4.36	26479	8690	0.08	0.61	1.0	0.0	4061665.67	5987099.41	16088.39	265517.32
421426	1	0.24	0.14	2.15	1.05	5.72	24.26	0.01	0.05	0.15	0.14	5.09	0.8	56	623	2886	7	5.11	40830	14958	0.2	5.37	1.0	0.0	18949180.74	33974266.41	13196.63	642661.31
1559905	0	0.04	0.05	3.27	0.31	0.31	45.44	0.0	0.0	0.11	0.12	0.08	0.71	10	5	2161	13	4.56	26135	7365	0.12	0.75	1.0	0.0	11915786.16	17763925.53	7947.16	180381.46
12028	0	7.44	3.6	6.95	45.55	40.33	79.93	12.61	6.26	10.31	136.55	83.3	140.72	1642	2994	6292	21	8.87	168366	4311	29.18	319.49	0.08	0.26	1595467.68	4732391.56	36519.59	261145.85
20055260	0	0.0	0.0	1.33	0.0	0.0	0.94	0.0	0.0	0.0	0.0	0.0	0.0	0	0	2	20	0.0	4	2	0.0	0.0	0.0	0.0	48599.0	68674.92	333.5	256.5
9794036	0	0.0	0.0	0.0	0.0	0.0	0.0	0.0	0.0	0.0	0.0	0.0	0.0	0	0	0	16	0.0	0	1	0.0	0.0	1.0	0.0	0.0	0.0	nan	0.0
9676078	0	42.73	10.55	16.29	372.61	70.04	221.07	7.6	4.24	5.25	124.13	48.91	191.53	11219	2898	12347	2	8.38	384953	4280	17.09	235.08	0.81	0.39	837386.83	5023513.78	27757.41	159351.73
291884	0	14.07	11.67	12.58	135.3	170.48	87.97	7.37	11.73	11.21	59.2	127.83	122.04	9015	16016	4182	13	6.87	455752	7244	30.32	254.71	0.21	0.41	1358556.64	5442001.23	21660.46	180371.1
16348052	0	19.54	5.24	22.02	48.07	16.11	88.46	20.73	6.5	23.5	57.65	25.16	115.31	236	73	565	22	8.42	2153	27	50.73	178.98	0.5	0.5	5299760.63	10605769.93	1455646.33	3903955.98
920547	0	6.35	9.47	13.78	34.05	73.46	120.23	7.06	9.73	13.95	67.05	128.25	234.8	1173	2108	7089	15	5.11	246043	4302	30.73	388.81	0.23	0.42	3109298.96	8267043.72	30881.21	103962.78
353866	0	8.63	4.08	13.59	45.97	36.97	138.12	4.91	2.74	9.1	40.81	40.09	147.92	1002	1109	6355	2	7.69	86998	2512	16.76	185.79	0.18	0.39	4016795.08	13374292.24	82430.69	256941.88
1717818	0	22.1	17.18	42.96	112.47	76.83	324.78	437.46	343.14	890.22	1407.94	1142.67	2941.04	3173	2240	7068	5	7.31	198532	115	1670.82	5276.14	0.22	0.41	140663.96	1820149.13	62489.6	853236.37
3145267	1	0.06	0.05	2.34	0.35	0.46	32.55	0.01	0.02	0.37	0.15	0.18	1.49	8	53	3255	23	7.28	61035	20897	0.4	1.54	1.0	0.0	34087552.99	38908169.45	3416.24	434883.4
5282910	0	20.73	26.46	36.6	109.34	245.94	272.53	526.86	661.08	911.14	1403.79	2407.66	4228.9	7267	16370	8446	1	7.77	822706	355	2099.08	7389.08	0.41	0.49	201413.22	2390008.04	21094.82	54963.57
507787	0	16.05	39.23	23.91	236.52	2221.36	1033.4	45.83	109.97	45.25	515.74	4087.97	1032.92	15598	355064	151801	15	6.76	2056633	7778	201.05	4449.42	0.71	0.46	206283.27	1808702.08	10242.41	30187.47
9703319	0	15.19	10.06	7.05	55.92	74.09	24.93	122.26	86.52	58.37	709.87	710.36	309.57	1874	3440	945	18	6.16	216186	752	267.15	1586.82	0.16	0.37	874289.41	7608546.9	19978.57	91300.08
205866	0	6.87	0.92	2.48	21.72	6.31	11.38	12.56	2.66	7.37	44.97	12.29	32.75	224	106	252	7	6.61	7642	220	22.59	74.93	0.11	0.31	1356185.43	5561653.01	368599.04	1277237.01
51235	0	1.65	1.4	10.86	39.55	49.1	116.14	1.07	1.24	3.97	42.16	53.44	88.1	2970	4193	9296	19	5.23	230633	12962	6.28	118.18	0.93	0.26	2530379.28	6440826.95	4869.81	33258.31
1169106	0	3.81	1.49	14.77	34.94	29.66	156.36	2.65	0.88	11.81	58.3	26.43	165.14	2350	2528	9960	19	7.3	724585	30411	15.33	192.44	0.03	0.18	7298318.28	22071915.83	6998.94	65308.74
553967	0	0.68	1.02	1.48	2.24	4.97	1.92	0.66	1.8	1.69	3.22	6.5	3.27	14	32	7	20	7.52	197	36	4.14	8.18	0.0	0.0	1110998.35	2263906.98	1451481.11	9855873.61
233322	0	11.52	0.45	2.52	26.03	3.64	7.09	8.41	0.45	1.84	44.49	4.17	10.29	248	58	99	23	8.72	4667	208	10.7	50.52	0.01	0.1	1335378.14	3138475.58	746939.46	2994818.05
102711	0	9.29	1.69	3.32	71.17	8.94	17.77	4.31	1.23	1.71	35.43	10.22	15.51	1593	102	375	3	8.12	9802	493	7.25	53.54	0.56	0.5	2107137.23	3188881.44	372999.62	3486648.52
643099	0	17.87	10.55	34.52	110.24	59.21	242.31	4.05	5.32	12.53	58.42	93.98	217.86	1783	1132	5229	9	3.87	70616	884	21.9	340.45	0.48	0.5	2591653.35	6462166.7	200312.46	3989948.52
42228	0	33.02	5.56	7.69	123.93	151.17	48.46	21.24	6.62	6.79	252.4	212.14	85.1	4660	9946	1837	19	5.25	215929	3147	34.66	517.23	0.01	0.09	4227721.69	8806760.86	58658.11	139547.99
901382	0	4.19	8.22	9.35	32.85	71.05	50.4	5.89	6.03	5.33	45.21	27.89	29.04	614	1360	851	15	5.78	8378	213	17.25	77.36	0.33	0.47	2512258.47	14348487.63	611540.02	1914142.83
112114	1	1.74	0.53	0.62	1.98	3.19	3.31	1.04	0.19	0.09	2.13	3.59	4.24	59	417	336	9	6.18	75411	19042	1.32	7.98	0.47	0.5	2828651.4	5622631.02	2571.0	53847.12
941010	0	13.19	1.38	1.54	41.31	11.08	2.91	55.23	2.13	4.63	128.77	5.86	8.81	415	147	23	2	9.43	2947	41	61.98	139.27	0.01	0.1	248038.72	1075163.34	236488.08	1236884.89
141808	0	6.3	15.53	10.15	45.5	106.47	90.99	5.04	13.82	7.77	44.44	145.98	109.3	3164	3750	8032	16	6.54	427046	7754	26.63	213.05	0.18	0.38	4988992.86	9967871.23	22067.76	56401.49
1022601	0	471.88	88.39	171.7	1465.89	2601.6	3843.94	689.5	130.85	257.57	4710.2	3359.95	6131.31	24772	220536	239232	18	7.01	14143123	9232	1077.92	8936.37	1.0	0.0	1331.93	58162.5	1044.56	22976.13
425699	0	7.04	9.57	9.46	33.81	78.44	64.57	6.19	5.29	9.57	43.32	36.51	88.02	543	2067	1482	20	6.76	22944	552	21.05	137.02	0.45	0.5	3183318.45	12891991.22	304634.67	1192731.65
62238	0	4.28	1.02	3.3	21.38	18.42	15.62	5.86	1.86	3.81	39.72	28.5	20.32	874	874	594	14	3.85	39860	2314	11.53	71.69	0.49	0.5	809437.94	3469574.59	18029.69	133085.08
1140072	0	4.9	0.1	1.1	11.14	0.3	2.34	0.4	0.0	0.4	0.8	0.0	0.49	38	1	8	22	8.05	61	6	0.8	0.75	0.0	0.0	680653.0	1405434.93	250371.78	407697.68
44020	0	29.59	40.0	16.23	313.14	4711.69	952.42	63.57	101.59	21.31	779.44	10798.19	424.43	16006	638586	176275	0	7.06	3154091	13993	186.47	10859.04	0.56	0.5	1174616.24	3722544.04	8697.98	30017.76
634280	0	5.64	2.78	11.45	25.7	12.83	104.45	24.05	12.36	47.36	88.73	54.26	258.56	451	210	3177	20	5.73	20966	206	83.76	369.62	0.46	0.5	273239.9	896869.99	15078.06	35725.95
702940	0	4.19	23.49	13.77	61.02	200.07	158.69	2.52	23.7	7.26	32.88	349.13	90.74	2389	7356	6028	14	7.79	138300	2164	33.48	404.62	0.58	0.49	942345.0	2934957.96	77545.0	721609.47
227287	0	222.87	30.01	129.99	959.06	1060.11	3533.25	263.83	21.47	111.78	2008.83	417.9	2037.69	12669	65645	208728	1	8.62	1520790	1659	397.08	3997.84	0.65	0.48	313336.55	3769908.94	64704.66	480035.29
1009271	0	9.67	24.8	15.38	64.95	331.03	105.14	12.89	10.68	22.35	91.62	114.42	261.26	986	7099	1504	20	8.67	23825	201	45.92	418.71	0.46	0.5	599737.88	2208701.87	152650.69	1078930.86
97951	0	24.65	23.13	12.58	285.21	1451.62	378.41	17.7	20.31	8.15	296.57	1638.1	432.73	11369	210941	55016	2	7.86	1674889	19421	46.16	1722.39	0.77	0.42	899184.17	3500419.53	10890.56	211464.29
1259672	0	35.0	0.0	0.0	0.0	0.0	0.0	35.0	0.0	0.0	0.0	0.0	0.0	35	0	0	1	0.0	35	1	35.0	0.0	0.0	0.0	73853.0	0.0	nan	0.0
1348470	0	7.66	14.88	15.91	34.0	83.14	60.13	5.35	11.91	6.96	32.1	89.6	57.73	497	1224	1133	4	7.34	38881	655	24.22	119.61	0.27	0.44	1265578.36	3666203.85	37427.2	117112.46
819226	0	2.44	0.0	0.36	2.16	0.0	1.05	0.42	0.0	0.0	2.0	0.0	0.0	10	0	5	14	2.99	70	25	0.42	2.0	0.0	0.0	1273465.12	1977043.69	1008652.5	1463483.71
203434	0	1.15	0.77	6.1	30.43	8.57	33.94	0.42	0.32	2.9	35.01	7.54	32.6	12546	2101	6789	18	6.04	1409702	130128	3.64	50.02	0.98	0.13	4618005.22	7593522.44	1630.37	94034.04
379272	0	12.45	5.79	13.92	48.71	38.43	82.16	17.19	7.9	15.48	104.48	57.56	120.44	2120	1109	2622	19	3.6	112721	1642	40.57	248.54	0.18	0.38	748956.42	3140263.94	74634.04	864055.61
1215485	1	0.29	0.58	1.51	10.83	1.84	2.69	0.14	0.53	1.14	4.44	2.72	2.98	3261	440	926	0	7.57	1562810	358571	1.81	6.49	1.0	0.01	6551334.62	11843244.64	384.11	9334.47
636290	0	7.09	8.5	4.83	24.22	55.33	16.34	29.23	23.95	23.41	110.58	67.3	69.96	193	823	161	0	9.58	4964	45	76.59	238.71	0.22	0.41	118162.45	609454.73	144211.44	848402.48
1645915	0	17.0	0.0	0.0	0.0	0.0	0.0	17.0	0.0	0.0	0.0	0.0	0.0	17	0	0	17	0.0	17	1	17.0	0.0	0.0	0.0	262.0	0.0	nan	0.0
561432	0	7.79	3.6	20.0	16.21	11.96	90.89	3.22	3.36	0.67	13.22	17.36	2.52	76	74	542	0	8.43	1475	37	7.25	31.74	0.15	0.36	480900.21	1160732.47	1018358.85	1842280.37
797434	0	11.32	2.61	4.33	33.94	18.69	17.69	27.72	8.62	11.0	72.48	41.04	35.59	501	436	411	3	7.83	36967	523	47.34	119.03	0.22	0.42	554601.9	2643248.34	126921.3	487817.45
864612	0	10.83	3.14	3.25	47.4	29.98	23.07	48.74	16.83	16.97	191.71	125.67	78.13	971	743	496	15	2.96	17339	182	82.54	316.94	0.03	0.16	267910.66	1438914.86	43860.26	777184.53
221966	0	43.78	6.37	5.42	402.32	32.88	29.16	6.41	1.32	2.32	74.26	11.67	25.5	7679	498	450	1	9.25	39120	591	10.05	90.18	0.84	0.36	988932.04	3801708.06	342712.35	3568183.44
282161	0	5.09	5.96	10.73	53.91	37.07	54.48	3.62	7.19	10.38	39.46	92.08	133.13	2537	800	1224	3	8.31	57120	1682	21.18	246.62	0.14	0.35	1264867.23	3691950.35	60745.58	828407.06
493683	0	0.35	2.08	6.58	2.53	30.93	32.12	0.15	1.96	4.32	1.59	37.39	60.09	96	1529	699	22	9.04	31893	2391	6.42	72.82	0.29	0.45	1239316.58	3516471.54	60828.0	1172092.76
1532729	0	0.0	0.0	0.0	0.0	0.0	0.0	0.0	0.0	0.0	0.0	0.0	0.0	0	0	0	2	0.0	0	1	0.0	0.0	1.0	0.0	246456.0	0.0	nan	0.0
301395	0	92.78	21.82	53.55	888.43	585.87	1343.2	66.67	13.71	32.27	701.04	670.24	1022.13	92087	74845	116418	15	6.37	3666185	14535	112.65	1470.96	0.66	0.48	599986.06	5375681.06	12530.87	147613.44
148945	0	11.82	5.39	5.15	41.63	20.79	13.53	96.58	48.16	45.26	250.15	88.11	119.63	384	174	117	16	5.94	3890	20	190.0	436.14	0.6	0.49	42914.2	154640.16	303118.22	1293218.06
142220	0	9.54	8.67	12.81	56.01	44.38	98.14	40.35	31.0	47.66	306.84	226.98	432.41	1730	1098	2631	11	4.06	56904	387	119.01	920.91	0.37	0.48	331940.87	1680193.83	120723.56	1269951.06
1834539	0	13.8	0.1	0.4	27.66	0.3	0.66	42.0	0.33	1.33	56.59	0.47	1.89	96	1	2	18	5.68	143	4	43.67	58.95	0.1	0.3	190591.6	326394.77	617574.33	1146039.65
1265360	0	57.46	63.91	6.91	396.81	2069.3	30.97	14.0	3.12	3.06	155.36	16.85	25.0	7930	77040	691	18	8.21	177676	960	20.18	164.09	0.84	0.37	584261.92	2544508.33	22207.14	91797.95
236026	0	27.69	18.34	17.84	191.22	149.65	161.97	18.23	13.37	8.14	168.29	132.97	84.63	1901	1667	2349	2	7.52	16031	162	39.74	276.12	0.1	0.29	348363.87	1361868.63	647971.1	5966971.93
2726795	0	6.0	0.0	0.0	0.0	0.0	0.0	6.0	0.0	0.0	0.0	0.0	0.0	6	0	0	1	0.0	6	1	6.0	0.0	0.0	0.0	416249.0	0.0	nan	0.0
1286970	0	4.13	2.52	16.08	26.19	45.19	128.12	5.84	2.98	11.29	59.3	64.95	41.38	816	3225	6694	8	5.08	127000	2525	20.11	120.7	0.16	0.37	1456881.09	5524212.52	44784.1	192087.69
2371980	0	3.5	0.25	0.0	6.06	0.43	0.0	0.0	0.5	0.0	0.0	0.5	0.0	14	1	0	18	1.5	15	3	0.5	0.5	0.25	0.43	155446.0	181884.2	1731050.33	2447575.66
651611	0	22.73	6.7	6.93	134.56	48.6	43.49	61.41	18.93	16.63	318.93	100.41	93.57	2220	984	811	22	9.13	17200	144	96.97	435.55	0.37	0.48	534365.12	2159647.42	176161.54	859440.88
2067482	0	0.54	9.32	5.08	2.54	17.55	13.1	1.43	0.64	8.36	3.98	1.29	19.91	15	61	66	20	6.74	553	15	10.43	23.18	0.76	0.43	69454.08	105852.1	1001230.47	2248332.51
94147	0	91.85	27.54	228.08	706.14	414.48	7702.58	140.99	29.59	162.54	2035.01	635.68	7322.51	13502	18145	406297	22	7.56	2066726	3140	333.12	8152.62	0.9	0.3	266716.01	2269960.65	49570.4	266282.63
1947352	0	113.3	10.32	23.98	660.3	41.84	90.27	8.81	0.43	0.28	47.25	1.99	1.47	4849	297	592	1	8.53	7823	48	9.51	49.08	0.02	0.14	17902.45	82442.57	257617.65	630096.24
1802648	0	8.85	15.08	2.77	20.67	28.0	5.26	14.83	28.5	3.67	28.79	57.99	6.94	78	79	19	3	3.7	347	7	47.0	85.6	0.0	0.0	163809.92	301038.62	656168.75	984276.02
1289606	0	5.79	35.22	47.46	41.37	173.33	292.09	7.49	35.3	52.53	81.76	306.55	675.24	1641	3290	5201	10	5.24	233988	1339	95.32	836.65	0.31	0.46	1041707.29	4003859.46	94752.92	422282.18
2656885	0	5.81	2.22	4.97	33.38	31.92	42.85	8.1	2.1	6.49	61.09	24.95	143.83	1363	1729	1239	12	4.38	44854	1761	16.68	196.3	0.31	0.46	1547426.1	5596058.98	67689.79	506219.24
3877991	0	6.0	0.0	2.0	6.0	0.0	2.0	0.0	0.0	4.0	0.0	0.0	0.0	12	0	4	4	0.5	16	2	4.0	0.0	0.5	0.5	654582.5	59351.5	5790330.0	0.0
3315234	0	3.97	2.63	9.93	17.97	17.28	42.38	18.57	15.26	34.52	44.42	44.05	67.43	219	247	825	7	4.51	8447	85	68.36	132.7	0.01	0.08	402893.88	2153616.27	20694.86	113041.38
3934748	0	10.33	257.0	0.67	14.61	363.45	0.47	31.0	0.0	1.0	0.0	0.0	0.0	31	771	1	16	1.89	804	2	32.0	0.0	0.0	0.0	23322.67	20589.9	8032.0	6715.0
3944803	0	0.0	0.0	2.0	0.0	0.0	0.0	0.0	0.0	2.0	0.0	0.0	0.0	0	0	2	10	0.0	2	1	2.0	0.0	0.0	0.0	135465.0	0.0	nan	0.0
4005989	0	0.33	0.0	5.0	0.47	0.0	3.27	0.0	0.0	0.5	0.0	0.0	0.5	1	0	9	1	10.37	16	3	0.5	0.5	0.0	0.0	822562.67	1143402.99	436062.0	434044.0
1693063	0	7.05	5.16	10.1	71.68	59.85	75.13	7.68	5.41	9.26	98.99	84.34	97.99	4235	3503	3606	14	5.11	89533	2232	22.35	235.16	0.14	0.35	2616002.16	8216272.09	60972.98	445030.92
1725149	1	1.81	1.1	0.76	5.08	3.48	8.61	1.14	0.92	0.59	3.52	4.27	14.89	722	133	1041	11	4.71	127713	19893	2.65	19.33	1.0	0.0	4718105.97	9693383.21	6673.27	78585.75
3378652	0	3.5	0.0	0.5	3.5	0.0	0.5	0.0	0.0	1.0	0.0	0.0	0.0	7	0	1	2	0.5	8	2	1.0	0.0	0.0	0.0	18456.5	15145.5	514494.0	0.0
868041	0	8.84	5.97	59.58	43.16	41.5	1169.19	12.92	7.51	58.43	109.03	68.65	1275.35	667	863	31201	20	4.61	88302	599	78.87	1284.64	0.48	0.5	787074.46	3370216.24	131580.35	1244830.31
4193764	0	51.0	0.0	0.0	0.0	0.0	0.0	51.0	0.0	0.0	0.0	0.0	0.0	51	0	0	3	0.0	51	1	51.0	0.0	0.0	0.0	551916.0	0.0	nan	0.0
3725082	0	2.64	0.09	4.36	8.34	0.29	8.83	5.8	0.0	7.0	11.6	0.0	12.55	29	1	32	2	8.15	78	6	12.8	15.68	0.0	0.0	110480.0	108663.38	768878.1	939968.4
3774638	1	0.0	2.0	0.93	0.0	1.71	1.29	0.0	0.21	0.0	0.0	0.77	0.0	0	4	3	23	3.03	44	15	0.21	0.77	0.6	0.49	1110654.67	2081497.92	368750.93	1076848.46
4312585	0	25.0	0.0	4.15	45.62	0.0	11.53	1.0	0.0	1.5	2.24	0.0	2.57	139	0	44	19	2.76	379	7	2.5	4.75	0.0	0.0	67536.46	100962.25	719652.58	1469959.97
1619612	0	8.34	7.21	7.22	27.23	27.27	32.98	20.34	17.6	13.72	70.41	65.26	67.88	307	307	464	5	7.23	7743	120	51.66	174.36	0.06	0.25	865611.74	3733907.39	695383.1	3084333.55
1871064	0	0.26	1.01	3.88	0.84	14.48	29.97	0.08	0.11	0.68	0.45	0.69	2.49	9	355	734	1	8.78	3109	488	0.87	3.1	0.12	0.32	1217422.01	2551402.69	389495.35	871707.48
583020	0	8.18	9.55	2.73	111.3	27.78	24.31	3.95	4.01	1.81	64.66	39.87	21.85	4788	529	850	19	7.65	49189	1822	9.77	100.55	0.22	0.42	1061952.89	4164194.02	90268.28	693781.51
4516837	0	11.36	4.47	9.92	56.09	26.88	42.26	34.2	12.6	25.64	174.37	61.49	101.16	1307	538	763	3	6.49	44375	429	72.44	249.63	0.05	0.22	927327.26	4296356.02	124728.21	823395.97
418205	0	4.91	4.76	11.1	44.04	80.45	55.26	2.24	0.94	2.07	43.5	11.33	20.44	1774	3646	1359	19	7.47	46176	1884	5.25	55.63	0.34	0.47	1184504.85	4204214.14	32663.77	285763.54
658923	0	2.78	12.85	5.83	15.69	68.71	45.41	2.44	10.59	4.75	21.96	60.69	28.65	484	1534	1626	3	7.48	60406	1425	17.77	78.53	0.76	0.43	937748.19	3477831.62	42555.98	270160.33
2308181	0	3.7	9.6	64.11	24.54	81.42	1070.62	2.91	2.13	3.07	26.93	10.79	16.0	413	1672	22972	5	7.51	36540	303	8.11	43.9	0.44	0.5	676622.84	2105726.49	307559.23	1974098.47
3080968	0	53.26	5.06	18.46	472.89	22.28	297.93	27.61	5.03	17.02	355.05	42.78	260.38	12522	388	16200	15	6.6	258148	1751	49.66	480.27	0.52	0.5	930802.27	4413798.16	62134.56	589040.1
2947573	0	2.57	5.73	4.5	10.09	34.47	9.33	6.69	20.06	13.54	23.44	91.58	31.61	112	468	97	4	6.66	2738	49	40.29	135.68	0.19	0.39	894946.68	7310324.79	518032.1	2706149.56
3378640	0	76.15	49.66	26.94	471.53	532.14	236.33	27.06	32.08	12.5	276.27	276.9	129.96	13913	22163	6976	23	8.86	421442	1651	71.63	447.15	0.31	0.46	251636.72	2498384.43	48274.97	1241166.14
1473716	0	17.43	19.34	15.86	181.2	131.77	286.8	6.15	4.44	4.58	80.4	46.91	108.83	8155	7201	16386	2	8.85	215348	3142	15.17	150.74	0.78	0.42	43853.13	288812.45	20289.03	88942.53
2796964	1	1.62	0.57	0.78	8.05	13.15	27.96	0.05	0.01	0.02	0.51	0.31	0.21	814	1341	2808	15	7.06	31984	10448	0.07	0.8	1.0	0.0	3541344.16	5479011.94	2026.15	76673.68
4646969	0	8.5	0.0	1.5	8.5	0.0	1.5	0.0	0.0	3.0	0.0	0.0	0.0	17	0	3	3	0.0	20	2	3.0	0.0	0.0	0.0	52070.0	45007.0	755.0	0.0
4675867	0	21.67	0.17	0.33	32.8	0.37	0.75	9.75	0.25	0.0	16.89	0.43	0.0	88	1	2	2	7.41	133	5	10.0	16.75	0.0	0.0	283240.17	320974.04	419577.0	411069.59
2084050	0	8.31	14.48	15.21	34.59	77.64	88.69	22.71	38.76	37.16	163.55	325.25	272.9	379	1337	1788	3	7.63	27930	220	98.62	710.67	0.26	0.44	599824.52	1901578.77	315298.7	1573841.75
5146222	0	0.56	7.45	4.04	2.83	18.75	7.68	0.0	0.01	0.0	0.0	0.12	0.0	23	119	35	4	8.34	880	73	0.01	0.12	0.97	0.16	152819.73	729403.92	888635.4	6132001.46
1375520	0	1.5	0.62	5.15	27.93	3.5	22.5	0.14	0.07	1.03	1.52	0.77	8.39	1060	71	739	0	7.88	11256	1442	1.24	9.13	0.44	0.5	2707451.29	7133056.35	115949.75	1036186.91
5339702	0	2.0	0.0	1.0	3.65	0.0	0.58	0.67	0.0	1.0	0.94	0.0	0.0	10	0	2	9	2.31	18	4	1.67	0.94	0.0	0.0	93707.5	110828.93	123844.4	117186.19
4279454	0	11.7	6.32	18.3	52.7	46.35	168.98	35.61	21.0	61.86	308.87	192.25	805.13	2075	3239	9758	11	4.49	423332	2844	118.47	1249.96	0.03	0.17	1119571.9	4296441.75	18743.56	118590.82
4050490	0	1.19	1.43	2.09	3.3	5.75	3.24	2.88	4.25	4.0	6.9	17.36	9.62	20	39	26	16	8.22	381	25	11.13	32.64	0.0	0.0	178144.7	604374.58	672988.55	1621717.62
4768044	0	14.31	9.05	9.04	115.97	39.48	60.58	63.22	59.25	53.56	324.73	285.89	310.02	5047	1285	2655	11	3.79	178406	762	176.03	830.47	0.04	0.19	245079.58	1665172.93	37803.73	645452.86
318027	0	7.58	8.99	5.41	51.28	26.41	12.33	2.42	3.23	2.25	19.86	20.34	10.04	500	181	83	3	8.0	2330	85	7.89	41.08	0.78	0.41	874669.98	2282543.48	2090564.0	8812260.3
999445	0	1.35	0.18	4.38	3.5	0.77	20.5	0.17	0.0	0.3	0.83	0.0	1.73	25	7	237	12	2.44	1075	154	0.47	1.9	0.82	0.39	3053107.97	14218766.56	1350865.79	3431238.39
239144	0	8.49	7.45	27.56	65.67	86.99	503.09	9.82	11.63	41.44	101.98	149.42	687.79	1581	2801	17093	7	7.04	53061	707	62.9	908.37	0.63	0.48	1809193.67	5747770.55	191254.88	1728355.29
4066002	0	53.0	38.6	45.13	358.52	217.15	279.06	57.98	28.05	34.78	669.45	175.64	311.7	15328	10098	9828	13	5.35	1472129	5346	120.81	832.84	0.23	0.42	1534546.43	8401255.0	20335.95	67874.51
4905985	0	0.68	0.35	1.76	22.69	4.86	24.65	0.81	0.41	1.96	32.07	6.57	34.3	4378	502	4660	15	4.71	109609	19306	3.18	48.61	0.34	0.47	2271461.12	5871247.55	5390.02	23543.64
499031	0	5.13	9.75	5.52	19.92	181.0	23.12	2.71	2.01	3.03	17.43	13.22	11.09	437	6996	726	4	8.0	32791	1039	7.75	29.53	0.33	0.47	1076875.01	5946726.92	163681.82	356865.43
6960480	0	19.42	0.92	8.83	27.24	2.75	16.1	4.5	0.0	2.0	4.5	0.0	2.0	81	10	55	20	0.37	350	3	6.5	6.5	0.08	0.28	77517.08	102557.3	125646.73	209935.49
6351083	0	4.38	0.13	2.63	11.58	0.33	3.43	0.0	0.25	3.25	0.0	0.43	4.55	35	1	11	12	2.18	57	5	3.5	4.5	0.0	0.0	51586.88	42968.35	865611.0	1374570.5
1438564	0	10.2	30.36	26.56	36.03	141.57	183.09	21.81	60.7	36.79	93.61	326.29	196.27	550	2487	3618	22	7.8	66445	321	119.29	511.21	0.05	0.21	1023017.91	4477578.63	187641.94	771450.27
4995598	0	17.63	14.2	20.31	266.42	165.14	495.05	8.29	7.76	4.08	163.57	124.29	53.15	15410	9126	33834	22	7.13	414851	5513	20.13	221.38	0.63	0.48	2097719.45	8499976.69	11864.3	73298.34
7370552	0	0.0	13.0	0.0	0.0	0.0	0.0	0.0	13.0	0.0	0.0	0.0	0.0	0	13	0	0	0.0	13	1	13.0	0.0	0.0	0.0	2778570.0	0.0	nan	0.0
6747824	0	7.77	4.14	9.36	41.65	25.7	89.84	14.53	7.93	17.16	48.92	42.67	132.21	655	351	1622	4	7.74	9422	157	39.62	164.09	0.0	0.0	766046.29	4995364.12	40082.54	204623.1
284810	0	9.13	14.65	18.63	101.65	67.61	114.03	26.69	47.57	53.66	260.33	303.34	352.12	6988	2306	6588	15	5.98	527275	3049	127.92	749.11	0.43	0.49	618852.14	2985431.78	22419.41	53446.05
5684039	0	74.42	6.76	14.56	518.3	24.01	216.0	21.09	0.99	0.66	401.64	13.31	3.87	9665	373	5714	23	8.59	67586	620	22.74	402.34	0.97	0.17	76877.5	1157978.89	229960.52	2067315.69
5466012	1	2.3	0.14	0.18	2.79	1.27	0.91	0.12	0.02	0.02	1.16	0.77	0.25	108	76	51	11	6.7	31856	11361	0.17	1.85	1.0	0.0	4135089.33	8319594.5	13872.3	976299.19
3174456	0	28.1	8.81	17.22	393.65	25.81	156.24	1.37	0.72	0.59	21.88	4.74	5.3	9583	395	2686	1	8.64	33347	566	2.68	25.66	0.88	0.32	8586.5	93656.39	179929.56	2506489.94
8574593	1	1.59	0.16	0.63	3.61	1.84	1.45	0.17	0.04	0.15	1.96	1.43	0.86	142	142	101	17	7.0	45135	16550	0.37	3.16	1.0	0.0	4197155.83	6770417.99	6784.11	22054.52
7098284	0	2.48	1.28	2.72	8.52	24.88	113.31	1.73	0.96	1.86	10.01	16.65	137.46	1029	4985	41878	17	6.69	936141	95137	4.56	139.7	0.57	0.49	7752095.32	18777788.9	1284.45	12889.31
9580636	0	33.0	0.0	0.0	0.0	0.0	0.0	33.0	0.0	0.0	0.0	0.0	0.0	33	0	0	1	0.0	33	1	33.0	0.0	0.0	0.0	381756.0	0.0	nan	0.0
9684482	0	7.88	6.54	11.62	37.15	32.27	42.77	2.78	3.76	5.27	14.51	18.65	18.67	320	315	384	0	8.72	3177	68	11.81	44.64	0.43	0.5	1156659.38	4288232.85	985315.42	3469681.86
5402993	0	2.04	2.99	10.22	12.36	21.15	177.2	0.29	0.33	0.77	7.21	7.83	18.4	889	1082	22135	6	6.59	277442	16927	1.39	23.91	0.23	0.42	6076888.44	12047962.91	11274.69	159659.43
722149	0	7.99	11.43	19.7	96.04	248.89	173.65	5.64	12.04	11.64	74.13	315.03	105.77	5431	18273	10807	2	7.87	267056	4178	29.31	408.25	0.12	0.32	2311312.76	7131408.72	33917.81	110077.86
3732322	0	5.24	3.46	2.88	22.49	13.59	7.49	66.88	37.94	35.0	212.93	114.4	91.43	274	133	102	22	8.5	2801	18	139.82	417.82	0.01	0.11	113050.97	435112.01	622985.12	3379746.14
8463355	0	1.71	5.95	4.33	15.54	22.62	14.41	4.26	19.08	12.7	32.25	93.07	47.07	369	401	199	19	8.52	8217	182	36.03	143.29	0.18	0.38	337360.36	1808725.4	232855.7	2014177.47
10264008	0	24.38	38.63	4.42	92.52	330.28	11.71	13.8	0.57	0.19	90.37	2.74	0.81	724	3171	84	0	10.02	6136	81	14.56	90.35	0.84	0.37	5929.85	37183.72	286527.71	2326420.66
4035701	0	8.34	8.07	23.46	25.91	25.98	126.16	12.87	11.85	34.28	71.1	71.81	215.93	149	216	1709	22	6.64	12200	146	58.99	322.1	0.14	0.34	2606125.21	6949299.54	692128.2	1781198.31
1376828	0	4.93	1.69	4.46	31.11	34.42	63.71	3.39	1.72	2.8	46.39	50.78	89.15	3652	4053	6921	19	5.66	259043	14514	7.91	124.46	0.69	0.46	10365817.28	23443130.48	10661.34	66341.54
11279684	0	7.16	1.68	3.8	28.19	9.25	19.43	20.77	5.12	13.36	79.75	23.13	57.25	789	235	802	2	7.97	37773	712	39.25	133.83	0.0	0.05	1422712.66	4196545.9	44772.37	177151.2
11743424	0	85.38	8.13	19.12	635.53	32.78	392.41	57.71	3.96	10.86	678.68	30.38	271.07	16380	922	29953	15	7.7	1032473	6258	72.53	744.01	0.93	0.26	10047.58	214677.63	4279.56	98794.09
736651	0	8.12	7.83	32.34	43.33	62.76	102.83	5.76	6.37	13.12	176.79	180.95	257.58	4411	5200	6714	9	4.51	2676413	38787	25.25	580.4	0.26	0.44	4418881.66	8668064.92	4701.93	41612.77
13119450	0	14.97	2.92	5.02	47.62	13.82	29.81	103.97	19.03	27.74	446.94	85.78	110.16	782	243	862	6	4.3	21008	118	150.75	618.71	0.18	0.38	549926.73	2109602.35	115233.66	362919.6
10808929	0	21.41	12.58	15.24	363.23	480.3	407.26	33.18	14.71	20.2	652.51	160.79	426.69	19832	79333	47912	4	8.3	1491957	12115	68.08	860.14	0.28	0.45	570493.56	4238262.28	4594.96	33245.67
3366344	0	7.42	13.55	17.02	40.83	72.55	100.16	33.59	55.01	66.72	272.66	409.54	674.04	1192	3634	2394	19	7.65	371737	1993	155.32	1186.51	0.39	0.49	906631.4	4322837.09	22054.75	189582.27
6930350	0	1.46	0.56	2.5	7.49	2.35	3.67	1.36	0.95	3.33	6.04	4.71	8.98	104	27	26	3	8.4	1044	101	5.64	17.31	0.5	0.5	1668114.21	4286552.24	633048.09	2071053.46
13828237	0	2.98	1.8	3.95	13.31	9.06	33.51	6.37	3.93	8.26	22.86	18.74	61.08	458	318	2327	21	7.22	51168	1794	18.56	78.53	0.09	0.28	1092939.4	4407838.18	16807.41	55278.17
15292794	0	23.2	10.16	32.85	80.11	49.91	427.66	120.22	49.46	169.58	361.61	214.69	1659.46	1059	768	9241	2	6.47	107263	256	339.26	1963.91	0.01	0.11	497383.29	3969796.85	45652.16	125287.27
16333418	0	3.27	2.13	5.45	52.83	52.97	45.72	1.49	0.79	1.33	139.18	48.03	64.73	7054	11737	7075	3	7.8	738697	63045	3.61	213.81	0.95	0.23	9349465.68	14556168.31	977.29	35981.36
11079571	0	7.62	2.55	1.83	58.54	30.54	8.23	16.81	6.18	4.05	250.79	136.84	66.2	5278	1331	356	3	8.28	144452	4638	27.05	433.22	0.09	0.28	2687326.59	12349886.69	11430.41	124965.59
7801357	0	7.96	0.44	4.98	157.26	17.17	264.4	1.05	0.1	1.19	30.39	3.08	55.41	16452	2652	34803	6	7.27	483799	31047	2.34	64.11	0.04	0.19	5678568.62	9290005.02	4859.21	21422.22
427801	0	15.5	1.57	3.08	131.68	6.75	11.99	1.22	0.29	0.19	14.5	2.36	1.19	1649	62	126	13	5.07	3205	144	1.7	17.54	0.65	0.48	3000649.91	12562984.66	1623966.92	5232644.85
19438026	0	4.47	0.0	0.94	4.86	0.0	1.43	1.0	0.0	0.77	3.46	0.0	2.39	14	0	5	16	0.51	92	14	1.77	4.02	0.0	0.0	1524892.59	1814538.27	210300.69	793220.71
11557355	0	61.86	22.35	24.04	572.44	459.88	388.47	34.13	3.5	5.13	506.45	60.85	120.42	15258	23781	18906	19	7.16	515378	3717	42.76	525.32	0.93	0.26	149572.77	2368035.57	27605.85	214025.78
11426190	0	10.24	11.69	10.71	83.06	57.88	197.1	80.3	76.01	72.66	409.36	347.32	636.09	6956	2061	20471	3	8.2	510913	1878	228.98	1074.89	0.11	0.32	677100.51	5388108.94	8507.59	232991.6
17859592	0	21.45	10.61	15.31	184.89	122.2	207.72	12.73	5.85	11.74	220.66	96.82	197.39	13070	8306	12623	15	5.97	550970	7180	30.32	329.86	0.42	0.49	1720639.21	6934877.17	3676.98	29477.43
1227203	0	7.21	2.54	4.07	43.28	23.61	38.57	18.19	7.03	9.7	191.24	103.21	84.22	1519	898	2188	22	6.7	187194	4520	34.92	289.1	0.14	0.34	1423565.02	5075350.8	18563.96	65366.33
1112118	0	14.74	53.14	15.99	166.37	1991.76	155.42	207.77	772.88	228.58	1074.89	8531.96	1180.28	8509	146399	7618	3	8.11	457218	366	1209.23	9580.59	0.13	0.33	84574.46	598934.06	46215.51	195679.48
15831769	0	6.04	0.48	0.73	13.96	2.48	1.42	0.96	0.31	0.5	3.67	1.21	1.21	83	21	8	19	7.62	602	55	1.78	4.55	0.0	0.0	4659632.17	20190106.09	810187.62	1583405.9
7328338	1	3.24	0.9	5.21	11.71	32.17	41.46	0.61	0.47	2.43	8.26	8.81	46.04	4384	19551	24410	12	6.27	5228628	388332	3.52	48.47	0.99	0.09	7651859.59	13341830.39	326.29	21228.57
13472456	0	6.03	2.67	5.29	24.9	95.67	17.36	7.34	4.01	7.27	48.64	128.29	40.0	1337	6600	390	22	8.72	66985	2832	18.63	179.14	0.06	0.24	46818857.66	62163858.92	20619.27	91976.61
13378519	0	71.41	67.66	28.22	315.92	422.82	214.46	323.22	314.31	131.44	2210.4	2228.98	935.4	2777	5430	2974	18	6.07	42492	55	768.98	5374.33	0.0	0.0	327323.72	2130731.33	186578.58	698176.15
957447	0	0.72	1.1	2.06	17.85	41.1	14.91	0.87	1.05	1.77	25.81	52.08	29.68	1520	5355	1391	9	3.45	101333	16198	3.68	81.55	0.99	0.12	1301829.27	3719577.67	8766.48	91642.7
14987881	0	7.33	1.08	8.34	39.4	7.04	132.63	296.72	43.56	338.83	507.0	94.05	1140.69	814	138	3528	4	7.57	12268	19	679.11	1667.96	0.25	0.43	386752.92	3115892.89	97101.91	597298.73
15681496	1	0.41	7.91	6.57	3.71	87.66	22.31	0.0	0.04	0.22	0.0	0.6	1.8	82	2080	309	16	2.85	10678	690	0.26	1.99	0.93	0.25	1647422.7	4974859.51	105582.47	330977.72
7903804	1	5.61	1.01	7.72	39.51	9.46	38.36	4.15	0.43	3.23	45.46	6.27	34.8	2297	1070	4134	22	7.24	627772	32423	7.8	62.52	1.0	0.0	3442086.22	6706701.38	3971.53	21012.03
4261437	0	3.81	4.53	8.16	25.08	32.76	38.95	3.12	3.69	3.81	47.29	38.98	33.16	951	1056	897	22	7.49	52160	2071	10.61	93.79	0.09	0.28	7142703.38	18485772.07	60804.06	852957.69
8431555	0	8.42	15.08	14.35	29.26	63.57	92.92	16.32	30.27	28.46	57.43	140.84	166.55	813	1402	4529	22	7.74	187096	1909	75.05	299.42	0.1	0.3	2946327.86	8398780.79	31697.08	672759.2
9647251	0	8.51	9.28	13.91	66.47	36.16	69.24	32.55	33.6	54.72	146.08	82.31	207.62	1901	514	1501	16	7.63	32658	221	120.87	315.42	0.1	0.3	542308.04	3046674.75	84658.4	762385.35
15891802	0	3.11	7.35	4.62	40.6	70.88	45.44	1.72	1.52	1.11	44.33	14.67	8.52	1907	2666	2122	12	5.84	35028	1886	4.35	49.43	0.38	0.49	2318032.03	7692529.73	31192.35	97237.11
9021902	1	0.14	0.32	2.92	7.14	15.45	9.8	0.03	0.06	0.74	7.84	2.15	4.92	2727	5785	1344	0	7.05	501426	121195	0.83	9.75	1.0	0.01	5231389.63	12754235.08	1070.08	55803.55
8024439	0	0.82	0.93	4.78	10.19	20.34	20.18	0.14	0.24	0.93	8.07	12.0	11.25	1708	3149	2045	20	7.17	386537	51568	1.31	19.09	0.98	0.14	3709746.43	6968054.24	2924.45	114907.61
14794011	0	3.58	1.07	6.25	13.08	5.81	13.05	3.87	1.7	8.37	17.37	9.5	23.77	168	108	193	5	7.61	9928	309	13.94	39.14	0.19	0.39	2830798.83	7160640.95	96778.82	342527.75
11987994	0	30.37	9.16	13.63	388.28	109.53	138.7	11.75	5.69	10.22	176.13	159.49	178.6	13067	6153	5366	3	7.03	225463	2813	27.66	428.46	0.55	0.5	963419.04	7329813.98	29892.63	148812.81
11916996	0	1.74	14.13	27.66	18.61	62.78	259.39	1.2	7.54	7.58	40.19	83.8	83.07	605	1620	16418	14	6.11	214945	3844	16.32	151.08	0.37	0.48	4643438.49	10001490.6	11689.4	207597.48
11555324	0	2.34	1.23	6.16	22.3	11.69	36.34	0.75	0.49	2.19	24.95	12.9	42.51	4602	1015	6429	3	8.34	482700	37704	3.43	56.1	0.36	0.48	4866250.5	15087886.17	2653.36	16175.02
86247	0	8.13	3.56	8.76	175.2	33.54	99.34	2.75	1.14	2.16	99.85	30.69	43.97	15487	3234	11055	12	4.42	563695	22977	6.04	115.89	0.48	0.5	7832877.28	22116094.3	11091.08	204832.81
1951353	0	1.66	0.14	0.78	4.97	1.95	4.64	0.39	0.04	0.19	1.73	1.2	2.48	1906	207	1621	21	5.72	724965	228499	0.62	3.61	0.75	0.43	9636138.18	11851037.93	861.23	10741.03
20483999	1	0.01	2.88	5.64	0.17	11.23	12.6	0.0	0.34	0.18	0.06	4.15	2.3	15	412	497	19	7.01	253535	27815	0.52	5.12	1.0	0.01	11501626.03	18409413.78	231.04	9590.9
7523687	0	0.09	0.13	2.44	2.29	6.88	45.67	0.04	0.02	0.72	2.59	0.26	2.43	290	835	5481	7	7.05	44191	12630	0.77	3.6	0.0	0.0	30658171.94	37662541.64	486.81	2833.22
792235	0	0.91	0.56	1.2	3.34	1.6	1.5	0.0	0.04	0.03	0.13	0.53	0.32	161	18	11	12	6.19	8638	3153	0.08	0.64	1.0	0.02	4689100.87	8511589.09	9279.9	383988.64
853739	0	30.54	16.59	17.82	254.6	101.84	210.52	118.21	59.24	68.74	753.93	356.94	521.75	3994	2152	7073	14	4.67	103413	360	246.18	1323.67	0.88	0.33	237611.18	2584385.86	16889.82	125149.56
3409125	1	0.19	0.02	1.42	1.35	0.43	26.72	0.0	0.0	0.04	0.0	0.0	0.28	10	14	897	1	9.45	1829	1081	0.04	0.28	0.72	0.45	18929355.82	31262364.46	34819.51	1007669.01
11952314	1	0.11	0.09	2.29	0.75	4.02	51.29	0.01	0.02	0.36	0.16	3.49	3.4	72	1027	12506	22	6.97	255978	86669	0.4	5.36	1.0	0.02	62464909.21	67985204.9	868.03	22232.55
305416	0	13.41	3.55	6.28	35.83	26.12	42.75	34.96	8.11	11.04	94.3	54.06	59.68	550	673	1465	19	7.85	68650	946	54.11	161.18	0.15	0.35	860380.31	3561748.24	20547.23	100620.66
8556143	0	2.61	9.21	5.72	27.03	50.16	26.06	13.14	49.57	29.53	130.27	303.35	175.66	906	1844	680	7	5.85	92209	930	92.23	531.5	0.99	0.12	906125.57	4389295.2	31650.45	199120.06
1289865	0	4.56	5.88	12.92	48.45	67.49	236.55	3.55	5.08	9.75	54.75	78.44	275.81	2155	4518	17055	19	7.89	167898	5353	18.38	314.66	0.1	0.3	2226114.27	5522800.14	28192.29	341987.66
642378	0	7.03	1.45	2.34	23.82	25.13	25.92	10.31	2.08	2.86	203.79	43.09	93.52	822	1920	1668	23	6.47	123505	6156	15.25	317.02	0.06	0.23	2343956.37	6768710.38	22930.47	79935.39
7217209	0	0.94	0.85	0.81	2.3	6.64	2.45	0.08	0.0	0.11	0.59	0.0	0.81	13	59	15	1	5.22	202	75	0.19	1.01	0.53	0.5	2614305.51	6840072.45	2208357.44	6744899.71
3729068	1	2.56	0.16	2.07	1.93	14.66	28.76	0.01	0.0	0.01	0.15	0.01	1.09	117	3592	5047	19	5.09	490866	102451	0.01	1.11	1.0	0.0	21458222.08	30437796.48	1410.13	103850.21
1183978	0	5.56	1.42	1.52	19.88	19.01	4.85	7.97	2.66	2.07	54.12	26.94	9.84	229	382	61	20	4.57	3858	224	12.7	69.59	0.25	0.43	1307955.1	3984662.97	411613.89	3145820.76
1021980	0	5.58	7.78	4.75	22.64	41.09	22.36	7.65	13.07	7.21	46.23	65.35	35.47	184	353	194	6	7.1	1395	44	27.93	114.19	0.13	0.34	729772.77	3701976.91	1082965.13	3502581.06
417929	0	26.32	14.38	37.27	347.57	87.5	906.13	37.7	25.72	20.44	253.73	167.76	173.53	13211	2766	35837	0	9.21	132938	657	83.86	474.47	0.64	0.48	435145.17	4308011.43	153530.5	856672.8
1763779	0	3.76	1.78	4.61	18.09	23.39	51.65	3.9	2.31	5.92	48.73	52.35	111.07	533	1324	2775	1	8.87	43209	2556	12.13	200.04	0.12	0.32	2268177.06	8275794.72	57212.94	244223.23
5034604	0	13.8	19.14	60.26	96.43	75.69	524.05	8.57	33.13	122.21	28.67	178.77	801.7	1178	457	6366	23	8.76	14166	64	163.9	978.8	0.16	0.36	2172098.74	5119588.45	916714.56	4160975.34
976980	0	17.39	3.05	14.93	55.76	25.04	80.78	12.28	3.89	12.27	232.75	90.05	248.64	1642	886	3386	17	6.42	239161	3852	28.45	543.32	0.37	0.48	3737674.89	6924430.88	28854.53	537430.09
13607492	0	5.26	0.27	0.89	14.25	1.52	2.78	1.73	0.32	0.42	10.38	1.79	2.8	106	14	26	19	2.85	699	91	2.48	11.12	0.23	0.42	3667720.17	7395917.64	220736.56	1227145.69
10289486	0	1.6	2.75	10.09	17.86	37.88	43.54	0.67	1.44	3.4	20.33	42.27	43.22	1111	3430	1552	14	6.35	137470	7935	5.51	75.1	0.94	0.24	8494391.97	13131305.5	15407.19	185203.3
43844	0	25.51	4.19	17.14	776.22	77.51	229.42	20.56	2.66	12.83	770.52	37.79	288.4	49498	5788	20324	19	7.47	394117	5688	36.06	848.41	0.62	0.49	2682734.85	7781298.23	37410.85	175836.39
5197694	0	0.0	0.0	0.0	0.0	0.0	0.0	0.0	0.0	0.0	0.0	0.0	0.0	0	0	0	4	0.0	0	1	0.0	0.0	0.0	0.0	0.0	0.0	nan	0.0
29048	0	22.61	9.26	16.87	138.38	44.85	143.88	47.46	19.71	30.12	369.15	133.65	270.71	3607	829	4436	22	7.65	146013	1199	97.29	650.69	0.02	0.13	610936.53	2899887.53	25838.17	71107.69
884076	0	1.78	25.44	15.89	2.3	52.98	17.4	2.0	9.2	14.6	4.0	18.4	28.7	7	171	41	1	8.1	388	6	25.8	51.1	0.11	0.31	8585851.89	13612943.89	16959541.0	17010596.6
8066546	1	0.59	0.26	1.83	1.37	23.91	51.96	0.18	0.13	0.61	1.17	26.44	46.2	153	11198	13256	18	7.69	663410	191506	0.93	59.38	1.0	0.0	27056082.63	43791457.9	661.57	12154.22
1869789	0	24.14	3.87	10.96	195.12	14.99	56.67	57.46	7.1	21.93	377.14	60.29	197.44	2756	207	616	15	4.66	15471	150	86.48	602.27	0.51	0.5	921098.77	2348855.55	142468.19	528737.43
15708	0	9.15	3.11	4.76	42.94	76.33	112.95	21.87	7.54	10.38	151.25	193.14	383.7	9319	14214	15682	4	7.91	1355180	28413	39.78	619.91	0.17	0.37	1480358.43	6330902.42	4254.07	21784.38
6290372	0	14.17	43.37	7.16	39.48	91.16	51.76	8.22	23.79	2.71	31.78	99.74	20.86	309	673	1093	12	5.04	40826	456	34.71	128.14	0.1	0.29	2165064.7	10221669.27	102374.71	665332.18
508378	0	3.9	1.7	4.12	28.5	34.14	58.29	3.88	2.31	1.49	47.72	47.07	9.78	602	1457	2466	2	8.0	18414	1297	7.68	77.49	0.07	0.26	1063114.84	4724833.55	38460.77	174513.99
11612968	0	7.57	1.32	2.12	22.67	17.22	14.06	17.07	2.33	4.02	75.88	16.72	23.61	659	1162	618	5	7.07	66917	2243	23.41	97.29	0.01	0.1	2066076.58	7441221.47	21542.89	331250.34
6804626	0	20.49	11.1	16.12	318.37	85.15	178.29	5.96	5.21	8.37	139.29	82.5	155.09	14131	4547	8779	19	7.59	318465	5103	19.54	269.68	0.32	0.47	2065903.71	4908999.53	28314.79	115770.07
159678	0	2.34	1.11	2.57	71.34	46.64	54.98	0.94	0.68	1.21	47.34	61.35	83.54	9514	7776	10423	8	2.68	838088	103810	2.82	135.25	0.82	0.39	3603646.1	8025880.85	2095.85	15645.23
1979668	1	1.43	0.17	0.83	1.58	13.71	7.04	0.02	0.04	0.92	0.44	0.78	3.18	79	6518	2939	0	7.08	551098	152470	0.98	3.74	0.0	0.0	7139651.46	10198024.48	1053.81	41055.94
126457	0	11.72	8.22	7.79	129.55	107.01	123.16	16.19	8.45	7.62	257.89	95.17	107.68	5594	7551	7552	20	6.33	236774	4597	32.27	322.97	0.22	0.41	2177437.86	9075011.39	34787.54	129543.95
11340674	1	1.87	0.24	0.3	2.08	0.99	0.8	0.21	0.06	0.08	1.57	0.64	0.64	112	58	32	19	6.5	79350	28994	0.35	2.18	1.0	0.0	5131791.77	9087380.79	1559.33	35709.37
1644213	0	7.87	0.36	1.99	21.74	3.2	7.47	1.96	0.11	0.5	15.24	1.38	4.87	401	125	254	11	4.08	70584	5687	2.57	17.64	0.13	0.34	7301037.19	12620206.04	33501.0	195614.44
11292982	1	1.06	0.45	0.59	1.71	20.86	8.04	0.74	0.17	0.26	2.19	2.34	7.33	553	12796	2402	1	7.02	800718	233257	1.17	8.27	1.0	0.01	13265530.37	28722713.39	329.63	14797.09
1918920	0	4.37	0.72	1.08	18.53	6.36	13.28	4.36	0.63	0.81	136.34	14.11	23.55	635	1386	2251	13	6.47	479751	50297	5.8	162.12	0.12	0.32	8990388.37	14715472.3	3107.31	151763.35
2308770	0	4.45	0.75	1.02	15.91	18.83	13.32	2.17	0.45	0.53	33.6	22.74	15.48	2363	4077	2405	2	8.39	337947	39954	3.14	56.14	0.0	0.04	7046697.52	12462210.48	4359.79	82217.18
13905223	0	6.5	8.33	0.5	5.94	18.63	0.76	39.0	50.0	3.0	0.0	0.0	0.0	14	50	2	0	8.57	92	1	92.0	0.0	0.0	0.0	196.67	157.85	653.4	948.42
3080493	0	77.64	19.75	16.09	621.59	408.46	140.96	36.98	5.16	7.25	474.39	62.52	113.65	21268	35972	5492	3	7.84	1105702	7044	49.39	502.39	0.76	0.42	425011.32	3857728.98	23152.09	163225.19
2590656	0	2.14	2.68	8.96	11.48	23.86	26.63	0.45	1.08	1.17	8.98	19.79	16.68	528	1525	970	22	6.71	277959	17746	2.69	30.34	0.17	0.38	2817461.5	7356469.46	11546.38	117253.48
15243143	0	3.26	1.1	3.95	4.22	3.32	9.85	0.42	0.25	0.65	1.72	2.07	7.24	52	52	166	14	5.7	5660	548	1.32	8.04	0.31	0.46	3948052.0	14608728.82	119831.66	257164.25
13286072	1	73.02	10.82	19.32	659.88	188.68	518.75	206.35	22.57	47.14	1901.73	266.83	937.89	41087	55838	100548	18	7.19	38813690	112040	276.05	2288.56	1.0	0.0	23.22	5495.35	286.39	4098.31
5803135	0	5.99	15.37	13.91	25.88	55.26	65.65	6.71	10.05	16.6	26.98	51.23	84.15	576	744	1102	16	6.25	27823	388	33.36	135.11	0.1	0.3	2271317.56	12143710.98	141429.9	340251.27
14159121	0	8.53	5.71	10.73	115.17	53.74	112.82	1.07	0.76	1.82	24.19	13.25	29.53	3899	2550	5525	23	8.35	80241	2841	3.64	45.78	0.68	0.47	3713753.24	10823858.11	16279.18	109985.99
11952885	0	8.78	0.36	1.8	29.32	2.44	2.67	73.0	5.33	25.33	166.94	13.35	62.58	195	24	23	16	6.78	1465	10	103.67	242.62	0.0	0.0	396412.44	2305109.93	528657.99	2847912.13
42464	0	11.83	20.68	19.44	95.65	308.71	542.35	23.44	26.5	36.27	188.5	155.73	894.58	4603	23722	54090	17	6.57	549178	3955	86.21	961.69	0.27	0.44	1109696.44	6608353.54	30317.07	470534.36
70142	0	15.51	9.63	14.55	257.6	70.11	244.78	6.3	10.42	14.09	68.76	109.11	288.09	14338	3614	19256	15	6.4	441660	5484	30.81	336.93	0.57	0.5	818299.07	5716141.97	19793.86	65244.65
5932223	0	6.2	4.75	18.47	16.6	17.35	81.85	0.26	0.35	0.38	14.4	20.98	9.05	425	934	6065	21	5.5	204103	6572	0.99	43.61	0.97	0.17	5086531.24	8102189.61	27038.38	99248.18
5684709	0	3.55	0.78	0.97	9.28	8.22	5.67	2.19	0.59	0.69	18.09	9.77	5.3	284	312	198	22	7.6	18728	2414	3.48	25.39	0.03	0.18	4248079.75	7396645.54	26864.06	293735.88
2777171	0	7.26	7.0	7.8	127.19	104.19	165.3	8.25	6.17	10.3	76.94	56.6	268.23	13874	9083	11540	20	7.57	378595	8143	24.72	304.91	0.19	0.39	3979131.3	9272229.33	13475.28	54680.15
525927	0	0.41	0.86	5.81	9.53	37.92	33.69	0.1	0.52	1.3	4.24	41.71	15.49	2025	8102	2936	15	7.48	518342	62555	1.91	46.27	0.95	0.21	5608357.89	11446829.5	3641.13	40119.08
14216826	0	0.17	0.01	3.14	5.39	0.17	6.0	0.01	0.0	0.3	0.48	0.08	2.86	1734	18	601	23	7.7	377959	106167	0.31	2.98	1.0	0.05	7958157.14	12026838.35	233.68	20425.33
996971	0	15.07	6.99	2.91	136.78	136.3	34.94	34.44	19.61	4.06	251.6	238.65	18.05	3517	3517	902	9	7.04	16778	221	58.11	489.41	0.0	0.05	400663.1	1681731.88	375358.66	1185087.02
12620	0	55.65	22.75	30.08	519.6	119.6	182.41	204.39	82.13	93.42	1204.18	404.96	774.49	11512	2644	3056	15	6.27	104036	222	379.93	1866.49	0.05	0.22	481311.51	3529948.27	276936.57	2681957.23
922601	0	8.17	3.37	7.07	55.27	22.7	48.87	6.84	4.04	7.59	64.45	24.13	95.61	1053	480	1062	8	7.28	14531	355	18.47	177.17	0.28	0.45	659735.87	2454005.93	100592.38	1239055.78
336432	0	10.88	8.32	15.3	65.89	76.06	114.7	61.52	33.84	64.81	402.62	268.48	418.81	2005	3228	3463	17	4.79	149862	702	160.16	908.59	0.18	0.38	658349.71	5077778.11	56140.55	475085.45
639685	0	9.58	3.31	9.83	53.88	29.47	176.93	10.84	5.71	13.87	65.82	53.07	283.92	2764	1406	12973	3	5.46	130165	2425	30.42	312.38	0.18	0.38	2560646.47	8078063.28	45804.45	197362.91
4477315	1	0.62	0.08	1.71	2.54	0.91	9.4	0.52	0.01	0.77	6.0	0.35	7.27	66	75	663	17	7.52	77489	27453	1.3	9.67	0.0	0.0	955888.19	3143266.96	1952.38	165185.65
5212853	0	18.44	10.41	21.85	70.42	50.16	163.92	261.55	146.06	267.65	970.66	601.46	1119.79	1387	1008	3897	21	8.45	114276	153	675.26	2554.95	0.71	0.45	98662.46	773004.57	69313.0	1237611.82
4580396	0	6.86	1.11	4.38	32.85	11.08	26.3	25.57	5.58	19.74	99.9	37.9	85.56	1422	412	1098	15	2.05	97609	1497	50.89	176.1	0.43	0.5	784959.44	3150744.72	11751.34	485248.43
379996	0	1.25	0.0	1.5	3.25	0.0	2.06	10.0	0.0	7.5	7.0	0.0	5.5	13	0	9	0	10.81	44	3	17.5	12.5	0.0	0.0	47557.81	96099.65	11618.53	26187.51
6524670	0	5.35	16.87	22.58	29.83	196.26	233.67	7.18	23.0	29.24	96.49	360.18	431.71	1094	10888	11451	19	7.07	500189	6187	59.42	709.19	0.07	0.25	2580051.4	8072266.55	16512.0	97599.03
271376	0	26.09	4.34	5.35	244.73	39.37	85.24	4.81	3.12	3.08	149.87	82.8	125.82	12203	1934	5862	15	3.84	634896	13801	11.0	296.86	0.27	0.45	4842417.26	11902485.27	14977.33	119632.11
4759276	0	4.66	1.76	4.31	56.65	13.7	41.98	4.63	1.82	3.23	117.53	47.93	98.39	4840	611	3750	22	6.14	155773	9982	9.68	254.8	0.46	0.5	5147437.66	8584386.2	14661.2	79272.35
488075	0	17.68	0.43	3.51	33.94	1.92	19.73	16.57	0.76	5.38	53.4	3.93	28.28	234	16	241	1	8.99	3350	80	22.71	68.98	0.0	0.0	712171.46	1617094.62	596351.68	2832868.17
1022055	1	4.34	0.31	2.12	9.2	2.01	39.19	1.5	0.04	0.5	12.94	0.52	6.42	552	135	2267	5	4.56	39982	4440	2.04	16.54	0.0	0.0	2622439.66	4947257.29	15724.16	611044.55
8392214	0	2.0	0.0	0.5	0.0	0.0	0.5	2.0	0.0	1.0	0.0	0.0	0.0	2	0	1	0	0.0	5	2	3.0	0.0	0.0	0.0	1394036.0	53259.0	67.0	0.0
1045541	0	13.68	2.34	2.41	30.87	27.4	15.11	19.39	5.39	4.32	68.86	43.92	24.0	266	494	281	23	7.91	6542	151	29.1	106.77	0.0	0.05	1430512.58	5498854.9	661729.41	2752870.37
9617883	0	0.0	5.0	21.0	0.0	0.0	0.0	0.0	5.0	21.0	0.0	0.0	0.0	0	5	21	3	0.0	26	1	26.0	0.0	0.0	0.0	1379403.0	0.0	nan	0.0
2301320	0	5.46	12.77	10.23	47.18	89.14	61.9	2.01	4.73	3.62	24.76	58.85	33.66	1278	2246	1209	15	3.67	54457	1545	10.35	82.66	0.64	0.48	1480063.21	6497148.35	122344.63	1203823.44
5862961	0	2.56	1.13	1.23	7.68	3.7	3.71	2.43	1.17	1.28	13.32	8.98	9.8	80	44	41	18	4.96	1565	185	4.89	25.43	0.39	0.49	3612040.5	8474872.39	225713.72	2693706.81
3150196	0	18.57	11.54	10.32	274.58	59.66	88.49	16.78	6.08	5.88	329.76	51.51	60.72	15292	3079	7921	16	4.74	811421	12541	28.74	343.91	0.97	0.18	48227.06	1353971.19	11340.99	55843.27
11092815	0	19.0	29.19	135.51	45.21	104.07	198.37	17.96	17.67	101.01	62.59	60.52	357.88	456	1430	1062	17	7.31	39128	95	136.64	455.08	0.06	0.24	571900.89	1330161.58	636189.22	2858380.68
54304	0	2.45	2.0	7.4	31.69	28.99	58.65	1.3	1.45	1.96	36.88	45.11	50.78	2870	1335	4139	20	7.97	119183	8428	4.71	86.33	0.8	0.4	4786000.25	10808361.03	31367.52	197817.85
12613214	0	20.0	0.0	0.6	17.27	0.0	1.2	4.75	0.0	0.0	8.23	0.0	0.0	53	0	3	8	0.49	103	5	4.75	8.23	0.0	0.0	1389143.4	1020799.82	798.75	924.5
1136563	0	4.89	0.18	2.57	15.45	0.77	2.71	5.0	0.02	1.82	38.26	0.12	4.01	100	6	16	0	7.38	894	66	6.83	41.5	0.0	0.0	2119492.47	3826889.23	1846380.29	7044332.38
563447	0	4.92	2.73	3.8	24.39	77.95	72.28	4.03	2.64	3.05	76.66	94.08	97.02	1025	9076	7444	2	7.58	178661	10951	9.72	181.35	0.57	0.5	6397163.92	12093740.02	15070.22	254802.52
8246417	0	13.7	2.67	5.19	148.86	12.99	12.55	2.47	1.75	4.92	21.27	13.13	21.45	3511	193	166	8	6.16	17178	419	9.14	42.98	0.33	0.47	437256.0	2227893.41	145154.01	779931.79
13752234	1	0.79	0.0	5.36	5.58	0.06	8.22	0.13	0.0	0.13	4.31	0.01	1.66	61	2	256	23	8.16	77693	12346	0.26	4.61	0.99	0.12	5678239.04	8996518.24	6498.66	92978.94
244115	0	25.38	3.31	7.32	62.38	23.39	34.08	72.72	11.03	20.49	231.28	50.18	85.76	1062	950	746	20	6.01	98812	671	104.24	300.15	0.15	0.35	1129001.02	3645151.03	102968.86	316497.65
1819986	0	8.16	5.8	4.86	22.22	30.17	38.7	22.89	11.68	9.24	97.86	71.6	56.26	380	482	1208	6	5.77	43549	711	43.81	169.81	0.51	0.5	1445892.41	5315422.32	98586.26	1299133.74
7687158	0	3.32	2.04	10.92	16.46	25.94	154.91	5.78	4.6	25.46	29.63	42.67	252.51	319	631	3877	23	8.76	10195	242	35.84	320.36	0.0	0.0	1155299.72	2810294.83	272750.33	689864.05
1234927	0	2.81	7.93	14.07	14.54	34.34	57.57	7.53	20.76	33.81	45.65	117.75	176.91	1084	1048	3241	0	8.55	599513	6420	62.1	314.29	0.04	0.2	1164067.05	3874545.8	10417.82	38324.86
14222163	0	12.06	3.73	32.67	50.71	39.65	468.04	30.71	13.81	121.83	99.65	79.72	918.92	495	604	7268	22	6.69	11631	64	166.35	1065.28	0.0	0.06	781901.97	2842567.32	347545.51	869107.2
14911792	0	15.49	10.44	79.04	137.4	46.05	1041.47	1.41	0.26	0.78	14.94	2.66	6.67	2316	655	18195	1	8.6	33903	288	2.46	18.6	0.09	0.29	1063312.06	6530826.88	250102.08	1090845.59
18852514	0	2.29	0.58	1.13	4.24	3.0	1.96	0.9	0.86	0.52	3.12	3.83	1.14	18	17	11	20	4.93	124	22	2.29	7.84	0.0	0.0	1012512.42	1775015.54	833144.57	2043547.9
19799110	0	18.13	11.75	22.5	53.67	51.0	114.51	7.85	3.54	51.38	26.04	10.29	175.69	292	291	660	7	6.75	1676	14	62.77	211.97	0.0	0.0	2205335.84	5050755.09	492966.29	828310.97
13361749	0	25.69	8.31	8.86	588.37	57.13	79.7	3.42	2.47	4.43	80.02	33.88	61.11	37432	2237	3137	4	7.04	193730	3259	10.32	111.92	0.38	0.48	311036.48	3235423.26	23302.37	340136.21
571342	0	0.9	1.42	7.96	2.66	3.84	17.36	2.31	2.88	16.93	9.74	7.65	44.46	31	48	142	0	8.21	7865	201	22.11	58.92	0.0	0.0	966934.68	2985486.88	286930.36	1485946.31
64853	0	5.42	5.01	6.63	31.11	95.06	64.95	5.3	4.75	6.21	80.86	63.6	84.65	1209	10181	3970	14	5.8	267395	9365	16.26	173.66	0.21	0.41	4139757.16	13822446.62	19966.18	73375.47
62694	0	4.84	2.52	4.25	29.42	19.69	32.73	5.22	3.14	4.88	53.14	43.03	64.92	2189	765	1562	18	7.59	131351	7634	13.24	137.31	0.2	0.4	1819675.55	12412845.54	24961.87	207465.24
57108	0	4.84	5.18	12.04	46.48	46.4	160.11	3.02	2.02	7.16	55.74	29.83	210.84	3579	2240	8679	19	7.67	265501	9449	12.2	231.0	0.27	0.44	2103377.22	5127155.97	26011.99	533502.32
972287	0	9.26	4.57	6.79	58.66	28.92	84.3	17.31	9.84	10.63	114.51	56.44	66.94	2256	704	3599	3	7.81	39462	722	37.78	187.78	0.9	0.3	1220501.76	4293674.74	133703.07	2403316.35
1788296	0	15.24	8.96	27.24	88.71	49.04	211.5	35.63	25.66	60.52	238.41	104.56	357.27	2793	1415	8050	6	6.56	123734	636	121.81	504.44	0.21	0.41	2170531.69	5795508.34	100013.89	355410.86
6580572	0	4.43	0.85	4.54	12.97	5.46	11.75	2.4	0.54	2.19	12.79	4.76	6.25	109	71	126	11	4.38	3817	251	5.12	17.12	0.04	0.2	1574496.29	7153239.7	493956.35	1369046.31
456437	0	3.56	2.2	1.36	8.63	19.45	3.16	7.45	5.67	3.33	17.97	31.89	9.19	69	209	23	23	7.96	818	43	16.45	40.25	0.01	0.09	1123703.55	3029274.9	323170.96	2135617.05
114828	0	8.78	2.23	6.06	31.95	21.89	53.89	8.77	1.6	4.38	68.49	15.37	37.93	1404	1658	5215	10	4.99	320302	12292	14.74	103.61	0.39	0.49	2615346.4	7032461.15	15939.66	114612.02
328201	0	10.29	18.77	11.79	150.72	507.99	88.98	26.21	19.18	21.62	339.42	159.23	170.93	7470	32025	2668	0	7.84	166358	1408	67.01	587.24	0.18	0.39	1243859.7	4697212.86	67389.74	404109.2
191165	0	18.27	5.38	9.91	70.74	39.92	55.2	15.41	7.75	11.29	82.35	54.44	75.09	1167	790	765	2	8.83	26081	385	34.45	171.17	0.7	0.46	1029777.09	3099168.29	226691.21	3276595.4
429935	0	4.14	0.76	2.91	140.37	11.65	69.61	0.11	0.09	0.14	4.02	2.44	3.01	8067	649	7616	3	7.3	98668	12048	0.34	6.27	0.77	0.42	3187262.61	4801404.26	6888.95	83532.38
1324179	1	0.71	0.02	0.68	1.02	2.31	5.98	0.03	0.01	0.04	0.29	0.18	0.38	116	701	1618	4	7.59	145948	97420	0.08	0.55	1.0	0.0	3068888.06	4934121.51	787.59	25891.32
375132	0	15.55	16.01	52.18	106.83	144.6	1433.42	6.3	10.45	10.67	68.78	181.49	123.06	2801	4131	77743	17	6.44	252302	2056	27.42	281.8	0.28	0.45	2213134.36	8505000.35	89957.51	1248403.23
770761	0	31.52	1.5	2.51	169.12	8.22	4.92	9.09	0.53	0.09	77.94	4.56	0.52	1240	64	27	3	8.14	2914	77	9.71	78.0	0.93	0.26	1778074.98	4402719.34	579470.37	2251289.69
310363	0	4.39	3.12	1.57	14.09	67.17	6.39	10.55	10.18	3.83	94.93	283.52	30.47	575	5001	265	3	7.9	59834	1865	24.57	398.46	0.37	0.48	1902063.53	7119176.75	41680.75	165950.7
2942755	0	7.96	0.81	2.48	20.91	5.27	10.45	24.61	2.58	8.29	124.89	11.02	40.65	229	91	238	7	6.91	14051	312	35.48	165.54	0.02	0.13	801101.07	2707390.72	73112.26	934250.57
3801322	0	7.57	3.61	11.7	65.37	16.23	58.52	3.92	2.9	7.65	41.4	22.27	76.58	1472	279	1516	2	8.33	23546	741	14.47	119.41	0.58	0.49	2332287.45	5828359.19	215196.28	682308.5
5905649	0	5.0	3.43	6.09	10.67	9.39	13.29	2.36	1.42	2.18	7.54	6.14	17.63	161	117	242	18	6.33	36795	1754	5.97	25.65	0.01	0.07	3248789.26	4994093.79	71935.38	972646.92
713860	0	6.91	9.21	6.09	104.69	139.65	56.1	4.99	3.24	2.51	112.51	70.17	47.41	6170	18187	6085	16	7.59	505839	17106	10.73	164.63	0.43	0.5	5508722.29	10563225.69	11158.98	47575.77
7178666	0	0.14	0.14	4.64	1.12	0.93	13.05	0.01	0.01	0.61	0.26	0.26	4.89	298	81	1943	17	6.87	1065743	188611	0.62	5.0	0.0	0.01	6645436.26	9380324.07	490.28	101545.06
1522636	0	36.94	6.6	25.79	335.62	53.43	706.49	12.81	1.97	11.94	248.37	46.45	703.55	10322	2508	52231	16	6.63	459532	5519	26.72	748.28	0.61	0.49	4036204.39	8469898.62	16065.02	203802.15
7661257	0	1.97	0.08	0.41	1.58	0.99	1.02	0.15	0.0	0.0	0.58	0.0	0.0	11	12	8	18	4.89	361	138	0.15	0.58	0.23	0.42	5387958.84	7109927.7	992023.84	1914321.53
1841542	0	8.25	16.07	20.47	54.46	70.27	84.46	25.04	50.56	55.93	169.33	322.96	332.53	3744	3918	2268	4	7.59	449001	2455	131.52	761.74	0.34	0.48	517675.97	2423408.03	11881.19	105993.64
949717	0	10.46	11.19	17.78	38.62	77.96	87.59	16.95	18.17	25.73	87.37	116.97	202.22	1229	8993	6644	3	7.69	826236	7655	60.85	353.8	0.35	0.48	3364835.46	12263826.83	12227.58	28796.0
10076435	0	0.01	0.0	10.68	0.73	0.32	32.09	0.0	0.0	0.01	0.31	0.11	1.12	120	77	3607	2	7.04	945912	88449	0.01	1.48	1.0	0.0	9141632.22	11088431.83	86.01	7058.08
7030178	0	4.81	1.26	3.22	12.78	8.55	19.68	9.38	3.25	7.93	50.25	27.38	56.61	242	242	896	21	8.29	36261	1299	20.56	120.6	0.82	0.38	1169844.8	3462917.08	47122.02	512984.39
376014	0	5.98	7.46	24.54	20.53	27.32	73.45	12.07	12.96	39.72	120.87	55.45	155.9	1509	1776	3896	20	7.56	864645	6773	64.75	260.21	0.12	0.33	1640282.84	5543522.78	11986.73	608966.96
6014161	0	14.09	1.82	4.57	40.38	13.72	26.85	8.21	1.76	3.89	35.27	16.88	32.74	827	459	1174	13	5.55	78201	1843	13.86	66.49	0.0	0.03	2205980.34	4718109.97	51705.12	219897.34
2525931	0	21.86	1.39	2.13	52.84	11.18	7.78	61.13	5.62	8.27	183.59	32.71	28.75	881	186	190	16	4.12	37142	328	75.02	228.51	0.21	0.41	995951.84	3324602.06	158394.28	640426.91
10068830	0	5.59	8.04	14.08	23.06	22.16	21.53	3.19	3.82	5.67	8.98	12.48	14.62	404	650	656	3	7.48	604130	15881	12.68	30.53	0.96	0.19	8231430.16	19279700.01	6105.67	260425.05
10750852	0	0.7	0.65	4.9	2.72	3.36	9.96	0.11	0.01	0.78	0.64	0.12	6.88	44	40	126	8	6.98	2617	362	0.89	6.95	0.98	0.15	4033385.0	5947541.15	137078.27	354711.91
7320905	1	2.32	0.08	0.06	1.68	0.88	5.5	1.06	0.05	0.02	2.78	0.66	0.87	177	216	2400	16	6.08	543109	150397	1.13	3.29	1.0	0.0	5611701.34	8960831.35	576.71	12949.93
9806113	0	2.16	2.02	3.16	32.32	96.14	15.87	2.72	3.82	4.02	28.83	152.26	17.2	4043	13274	1402	2	8.41	144255	7902	10.56	159.93	0.33	0.47	1637811.16	6463581.04	7764.19	29736.43
4562410	0	5.17	1.73	9.71	21.52	57.69	54.85	10.24	3.43	14.36	72.84	112.34	153.32	2503	11106	3250	2	8.2	635188	13158	28.02	289.39	0.07	0.25	3833673.55	6459731.54	3875.59	53852.0
10561162	0	1.64	0.59	1.46	11.97	11.61	5.68	1.29	0.87	1.14	21.62	17.28	12.23	474	483	213	22	5.51	7765	1383	3.3	46.49	0.0	0.04	3652878.22	6697775.78	65264.17	758464.73
207616	0	4.58	1.37	3.6	32.48	17.89	45.8	1.69	0.41	1.11	23.01	7.19	35.81	2223	1668	4147	5	8.11	215978	18610	3.21	50.5	0.61	0.49	9251828.23	14455764.58	12646.94	120107.07
786437	0	7.65	1.69	10.38	36.54	8.3	48.63	5.34	0.9	5.57	49.33	8.13	50.73	763	226	1946	5	7.5	73961	2854	11.8	87.61	0.14	0.34	11251964.83	33865184.94	68881.54	157382.28
17215358	1	1.99	0.0	0.01	0.18	0.04	0.2	0.01	0.0	0.0	0.13	0.0	0.03	11	3	48	0	7.26	140555	70158	0.01	0.13	1.0	0.0	11191614.4	12583687.45	86.21	10101.73
18372273	0	5.47	0.8	1.89	12.39	2.92	2.93	11.56	2.12	4.14	37.45	6.74	8.54	103	19	19	1	7.84	1535	60	17.81	46.85	0.01	0.1	2128925.01	9823291.63	8802.93	32732.45
16748477	0	44.45	0.05	1.4	113.26	0.22	3.01	0.86	0.0	1.21	2.23	0.0	3.12	523	1	12	22	8.67	918	15	2.07	4.01	0.9	0.3	1717407.7	3069988.16	1674646.37	2207933.97
753665	0	2.6	0.45	1.22	13.23	19.44	37.66	2.33	0.3	0.65	11.22	5.55	20.31	3047	5854	10354	2	8.14	535927	69416	3.27	24.73	0.23	0.42	3648339.87	8560132.16	2065.83	34616.21
19390181	0	9.5	0.0	1.25	13.74	0.0	1.69	9.88	0.0	1.38	16.75	0.0	2.39	51	0	5	15	1.99	129	9	11.25	18.71	0.25	0.43	4279514.83	5533740.55	14232.82	41504.9
17470005	0	8.21	1.22	3.26	13.28	3.56	8.75	7.61	1.79	4.24	15.01	6.13	12.57	78	19	75	13	4.0	1738	63	13.65	29.04	0.0	0.0	1461344.09	2955422.45	306117.6	588866.43
754619	0	5.8	1.3	3.51	52.42	17.2	24.44	7.17	1.49	4.08	83.69	22.69	54.04	7472	1566	2010	13	6.41	725654	37391	12.74	114.61	0.31	0.46	5130257.34	11311528.41	3765.41	92772.62
5048054	0	2.27	0.72	2.15	12.8	9.63	15.29	1.45	0.64	1.5	25.37	13.21	27.2	488	553	609	16	3.44	32042	4750	3.58	61.16	0.21	0.41	4817300.0	8864535.85	33330.6	660157.37
19543030	0	16.89	0.03	1.54	22.17	0.17	3.0	5.57	0.04	0.74	15.88	0.2	1.82	72	1	17	15	3.76	646	24	6.35	16.71	0.0	0.0	2832529.97	4509575.38	506733.47	976483.82
10190671	0	4.56	0.05	1.44	76.92	1.45	4.87	1.53	0.04	0.38	59.01	1.71	10.0	3442	93	186	21	4.73	28047	4232	1.95	65.65	0.0	0.06	5163867.69	9842382.77	19873.3	285975.92
6119299	0	4.13	4.68	1.87	12.51	13.44	5.31	6.2	6.93	3.73	18.16	24.64	13.19	56	55	29	16	5.82	406	16	16.87	46.37	0.08	0.27	1753635.21	5055545.5	2188814.78	4618799.51
1435164	0	6.93	0.45	3.36	23.11	3.27	17.49	12.02	0.92	2.16	91.42	4.88	4.72	179	49	236	2	7.55	2770	107	15.09	92.33	0.01	0.09	1222234.16	9139306.46	83626.66	480334.03
301308	0	47.86	18.94	46.03	533.03	73.17	450.91	25.86	8.7	43.0	285.93	48.27	554.63	10662	1262	10866	18	6.4	70632	407	77.56	640.52	0.38	0.49	448550.65	4441115.17	440110.84	3980520.73
231595	0	4.17	12.3	7.51	103.82	89.31	80.2	6.65	16.1	9.51	156.54	137.3	109.85	9728	4630	5195	4	7.65	417913	8612	32.27	271.05	0.42	0.49	3726758.7	13722228.61	13809.27	57287.14
7305213	0	11.0	1.05	1.73	50.4	5.94	4.06	7.27	1.16	1.53	44.94	9.18	9.34	709	70	37	20	5.81	4685	198	9.95	61.93	0.39	0.49	1717016.47	7124617.01	168231.23	910061.94
6584471	0	10.6	5.96	15.76	38.24	23.57	249.32	24.11	11.13	36.67	119.03	58.3	412.72	508	284	9499	4	8.38	49906	573	71.91	462.28	0.15	0.36	963767.98	4505867.58	123429.33	605521.06
335395	0	6.35	15.91	12.01	12.91	36.39	37.48	10.39	32.68	24.82	23.21	89.23	77.34	68	220	280	3	7.19	2331	29	67.89	151.02	0.37	0.48	349213.06	1127196.72	36915.87	63668.83
268304	0	16.67	6.28	11.88	50.21	34.08	80.29	12.8	6.13	4.51	64.35	40.05	26.72	403	335	992	5	7.55	5678	108	23.45	92.3	0.42	0.49	1554062.32	4399376.62	845871.96	3745439.4
176932	0	5.72	3.58	8.52	67.97	51.58	166.85	9.27	6.5	15.73	138.01	122.8	477.83	1890	2085	4377	8	7.1	48613	1364	31.5	549.25	0.38	0.49	1798633.7	4028483.05	69688.91	1426593.65
297875	0	0.68	0.16	2.95	2.9	0.67	3.68	0.0	0.0	0.24	0.0	0.0	0.73	13	3	13	20	8.43	72	18	0.24	0.73	0.63	0.48	334418.63	543325.73	8093558.89	14251501.15
110322	0	3.88	19.07	18.4	61.25	140.89	141.02	7.12	34.49	25.33	144.95	532.59	278.11	2773	7699	7374	23	8.18	213315	2418	66.94	843.82	0.15	0.36	1443824.08	5142826.87	25947.53	510389.65
300250	0	7.65	3.39	7.64	26.75	14.78	18.63	38.15	17.84	38.55	210.36	128.86	226.61	514	199	241	3	7.95	13102	122	94.54	558.13	0.56	0.5	256734.76	985136.8	89372.47	186742.99
496845	0	19.25	0.13	1.75	30.38	0.33	2.54	14.83	0.0	0.33	33.17	0.0	0.75	89	1	8	4	2.17	169	7	15.17	33.03	0.0	0.0	639435.25	421907.69	975445.14	1936516.68
55087	0	9.08	4.17	18.21	18.67	11.42	30.85	11.33	3.33	28.22	23.7	7.73	39.54	76	53	115	3	7.36	755	10	42.89	63.54	0.58	0.49	620522.79	1119457.3	1654731.83	3849692.92
527862	0	0.64	0.4	2.18	2.29	1.64	6.97	0.09	0.06	0.3	0.77	0.84	4.69	293	143	1022	11	5.28	282984	78781	0.45	5.22	0.29	0.45	3578750.32	5704874.58	372.76	14568.24
96393	0	19.35	7.17	14.01	206.97	86.78	77.03	11.23	7.31	12.51	143.72	86.46	143.72	6855	3059	1361	16	7.93	94759	1317	31.05	235.43	0.31	0.46	1272151.46	3375171.11	68843.55	1603405.58
357262	0	40.36	14.76	17.57	434.33	137.92	210.6	78.62	21.83	27.63	1046.8	200.91	328.96	10260	3857	9251	22	8.66	172360	1009	128.08	1301.82	0.79	0.41	719273.51	2795565.4	45825.96	420748.24
6561	0	12.89	4.98	6.13	107.67	49.23	41.55	11.46	2.75	4.51	106.39	34.98	40.1	3966	1353	1896	17	4.56	75810	2179	18.71	151.44	0.75	0.43	2023090.4	5859529.34	44520.49	414383.38
34467	0	17.27	27.72	37.33	199.11	943.93	1077.48	17.36	36.99	24.31	229.65	1648.57	942.82	6244	60695	49192	15	7.13	447078	3223	78.67	1968.33	0.77	0.42	1510582.27	7029575.01	55497.32	783886.09
609427	0	17.8	3.23	7.23	18.1	6.6	13.3	27.3	10.2	22.1	19.32	8.7	18.94	87	25	44	2	7.9	989	11	59.6	39.05	0.06	0.23	262142.11	418160.32	1245053.0	3655664.71
456477	0	10.97	16.25	34.51	115.29	111.73	129.43	24.02	22.83	34.59	185.3	109.13	104.63	2082	1702	1486	0	6.6	20309	127	81.44	252.8	0.55	0.5	861831.98	3550446.71	64574.65	128622.5
570652	0	86.49	18.71	27.52	588.48	86.51	139.61	5.86	9.25	8.87	26.25	70.01	69.19	5864	621	1320	21	7.94	13670	80	23.99	101.31	0.33	0.47	108771.72	437318.56	1072204.94	4978150.39
34279	0	4.97	0.44	0.8	9.89	2.04	4.83	4.33	0.57	1.16	21.67	5.1	7.18	112	23	94	5	7.48	2637	237	6.06	29.07	0.05	0.21	552568.67	1513720.52	285338.56	918807.99
743350	0	1.5	0.5	1.83	2.5	0.76	1.34	0.0	0.0	0.25	0.0	0.0	0.43	7	2	4	3	6.32	23	5	0.25	0.43	0.33	0.47	7561032.0	16237277.23	13936800.2	21833669.15
831026	0	2.27	1.15	0.81	4.49	4.26	1.41	1.64	0.64	0.21	2.89	2.06	0.56	21	21	5	5	6.84	110	15	2.5	4.52	0.0	0.0	324477.54	524097.74	9223.0	21681.2
621721	1	5.14	0.15	0.71	3.3	7.25	35.35	2.79	0.04	0.5	10.23	0.47	40.55	244	1005	6148	6	3.59	215295	23184	3.33	42.08	0.0	0.0	862235.28	2328078.47	3108.33	21739.22
297448	0	13.6	33.48	33.13	64.08	328.23	233.94	56.02	167.7	149.26	205.05	937.13	758.29	1182	13713	5745	15	6.21	167311	376	372.98	1424.57	0.34	0.47	372342.11	2360530.26	23376.34	326891.44
876557	0	46.78	13.77	25.47	88.42	34.75	72.65	390.77	164.08	296.23	305.36	182.16	326.72	486	243	514	8	7.22	13593	14	851.08	675.89	0.51	0.5	269959.3	645976.78	87493.46	200827.74
902422	0	3.73	3.16	4.53	27.25	31.05	45.09	4.49	5.31	7.08	50.8	68.85	77.12	879	964	1983	4	8.25	34302	1505	16.89	156.85	0.27	0.44	1722046.09	4264612.38	85479.99	384120.0
943756	0	9.3	2.58	3.92	26.88	18.82	14.44	23.69	9.18	11.54	60.73	43.89	29.61	258	271	152	14	4.62	4158	73	44.42	117.8	0.06	0.24	498973.14	1330496.44	302060.03	1576060.51
239574	0	2.8	2.49	2.66	4.02	3.76	3.78	0.13	0.12	0.08	1.11	1.05	0.69	53	44	48	23	7.73	39457	4683	0.32	2.29	1.0	0.0	2855712.73	4737886.76	3317.83	26698.62
241822	0	82.55	31.44	47.45	628.11	1197.73	1609.21	51.79	12.52	12.28	655.68	720.47	538.79	18579	112321	159030	18	6.43	2259375	10823	76.58	1121.98	0.97	0.16	1357009.04	6714258.55	18706.56	373445.72
102985	0	40.3	1.54	1.4	232.01	6.97	4.94	18.49	1.78	2.21	48.85	10.11	7.53	2984	56	54	1	8.04	8129	87	22.48	52.96	0.61	0.49	338471.63	821549.84	870560.4	3108300.15
268232	0	0.98	0.57	1.72	2.49	8.82	10.79	0.13	0.18	0.29	1.36	4.72	3.72	38	273	377	17	3.68	4812	1332	0.59	6.79	0.94	0.23	3256486.62	4940795.72	33455.37	171607.8
698930	0	2.82	4.77	6.7	16.19	23.58	36.87	0.74	1.9	2.26	3.5	12.55	14.58	149	175	344	12	3.63	1301	70	4.9	25.2	0.74	0.44	2562202.16	5002617.51	483505.9	1326589.04
706584	0	4.0	6.91	8.3	13.14	22.35	23.59	21.57	40.66	47.29	94.78	214.9	195.18	136	153	169	1	8.04	4228	36	109.51	502.68	0.0	0.0	272109.96	1413527.88	844155.58	3609493.38
7410	0	14.98	9.78	25.27	169.25	106.07	508.25	5.91	4.63	25.22	94.34	75.17	572.8	3890	2587	18252	23	8.72	78138	1217	35.76	587.87	0.61	0.49	2485438.58	7401619.08	187463.56	1219597.09
1136440	0	146.42	12.56	59.92	856.82	122.63	674.01	4.86	1.81	22.15	51.31	23.67	404.37	12993	2586	10609	1	8.24	136371	537	28.82	437.56	0.59	0.49	239673.88	1089609.41	201136.14	1014418.07
212664	0	0.0	0.06	4.44	0.0	0.24	5.83	0.0	0.0	0.91	0.0	0.0	2.27	0	1	24	2	7.81	72	12	0.91	2.27	0.0	0.0	290100.81	527001.87	4819773.53	7264607.85
1602351	0	8.05	8.45	3.3	13.61	31.58	6.46	10.28	18.28	3.28	20.96	46.71	7.75	51	188	32	13	3.57	792	19	31.83	63.44	0.05	0.22	383976.73	439709.37	917011.28	2206681.71
53729	0	3.0	11.49	4.5	19.64	29.81	19.6	1.65	1.73	1.65	19.29	11.71	14.19	267	267	229	4	6.93	4426	195	5.04	27.81	0.21	0.41	1202573.48	2881430.98	789108.94	1224307.32
120540	0	45.29	4.13	7.29	81.99	16.55	19.47	5.86	0.71	0.93	20.84	2.05	2.58	323	83	83	0	5.39	1361	15	7.5	23.53	0.33	0.47	1205879.42	5592367.13	2103953.26	4900256.11
1750716	0	8.5	0.0	1.25	10.22	0.0	1.61	3.0	0.0	2.63	4.69	0.0	2.45	38	0	5	18	5.8	195	9	5.63	5.02	0.0	0.0	332800.1	849610.29	1598113.21	6391382.57
187176	0	2.56	14.29	18.98	15.25	77.65	160.06	4.05	25.08	22.7	33.77	136.06	237.02	390	1737	6144	13	5.81	79411	954	51.82	307.01	0.26	0.44	1050906.66	2710476.62	38235.77	494753.72
1078422	0	6.13	1.67	4.07	10.38	4.87	7.66	0.0	0.0	0.92	0.0	0.0	2.22	37	19	30	0	9.35	178	13	0.92	2.22	0.33	0.47	797442.87	1215029.4	4406074.14	8377966.6
1849519	0	24.05	16.78	24.57	135.09	48.36	152.63	227.06	143.78	244.65	960.29	500.27	1128.2	2674	812	2309	2	8.18	33944	52	615.49	2165.5	0.17	0.37	111747.23	427662.17	198374.03	571642.11
1042001	0	0.0	8.3	0.7	0.0	11.52	0.78	0.0	0.0	0.13	0.0	0.0	0.33	0	38	2	5	6.5	90	9	0.13	0.33	0.4	0.49	694190.6	1111050.08	2301367.44	2859364.02
1047355	0	0.0	1.65	4.24	0.0	3.91	9.24	0.0	4.0	11.5	0.0	6.93	18.78	0	16	39	1	7.87	100	5	15.5	25.71	0.18	0.38	305706.12	925713.33	631364.75	2331158.66
325545	0	17.84	23.89	14.04	188.48	121.13	48.26	5.94	22.39	11.87	40.69	163.47	66.9	3605	1512	555	18	7.89	22029	267	40.21	207.11	0.69	0.46	2148257.1	6214244.21	538069.43	8422145.76
303426	0	3.4	5.99	13.11	17.63	31.89	87.2	11.36	14.36	39.78	65.21	90.91	273.19	158	381	964	12	4.12	5422	68	65.49	395.76	0.73	0.45	819643.24	4938200.31	718379.86	3113968.21
2366814	0	9.0	4.75	0.5	9.03	8.23	0.5	17.0	0.0	1.0	0.0	0.0	0.0	19	19	1	20	0.0	57	2	18.0	0.0	1.0	0.0	66952.0	77913.16	209.67	22.31
1263029	0	12.73	11.51	8.53	50.23	109.04	56.82	12.44	7.84	13.92	61.05	64.16	147.45	664	1973	1093	3	8.75	19726	287	34.2	222.3	0.04	0.2	752385.56	2805959.32	414726.08	1197189.46
189221	0	49.46	44.24	2.94	346.8	347.25	7.94	72.55	73.69	3.33	452.26	452.2	13.85	2968	2968	64	21	7.89	6958	43	149.57	905.9	0.06	0.23	660460.24	1195753.98	3244945.39	8902004.22
1641816	0	5.41	23.27	9.1	86.21	141.11	88.03	1.98	13.73	7.77	23.2	101.5	124.36	4772	5503	2525	20	7.76	150586	2727	23.48	206.47	0.66	0.47	1678700.44	3822204.94	34256.9	261142.53
158443	0	3.92	2.7	4.87	21.39	80.56	57.95	4.79	2.84	2.94	180.56	101.85	68.2	581	9163	4877	1	8.39	163427	9489	10.57	272.71	0.75	0.43	1913682.36	4479010.82	17946.66	264749.98
2178717	0	0.12	0.27	4.75	0.43	1.51	7.82	0.01	0.01	1.03	0.12	0.12	7.37	3	13	62	10	4.35	385	71	1.06	7.38	0.96	0.2	723733.41	1285670.62	296367.5	1106555.38
62283	0	5.72	21.06	7.11	29.6	77.62	26.97	3.72	22.72	7.16	25.19	156.96	49.43	419	731	341	20	8.3	9185	152	33.59	227.13	0.08	0.28	731839.26	1796858.15	863947.24	5061731.89
2174438	0	0.0	10.2	2.6	0.0	12.5	4.22	0.0	10.33	3.67	0.0	14.61	5.19	0	30	11	1	7.17	64	4	14.0	19.8	0.2	0.4	2403513.0	4478263.03	1927013.25	2341262.12
6703	0	5.75	4.92	25.71	18.35	23.65	116.3	8.72	8.07	22.89	47.57	38.97	149.81	167	251	971	18	5.6	5493	76	39.68	222.97	0.55	0.5	1116090.34	4582979.33	1726885.65	8528956.92
2985919	0	13.21	7.71	1.5	22.71	21.98	3.81	11.17	3.83	0.5	24.52	6.94	0.76	85	85	15	8	3.33	314	7	15.5	24.43	0.07	0.26	172370.71	308129.52	3474971.69	7057570.88
506179	0	18.92	5.86	18.73	219.04	49.76	1227.13	10.29	2.71	7.54	218.41	35.02	388.61	20446	4402	179600	2	7.15	1038681	16654	20.55	450.74	0.7	0.46	1844579.88	10011983.83	11183.3	47917.16
624670	0	7.61	5.31	13.54	30.9	35.55	142.66	16.51	7.93	36.04	123.29	66.28	239.34	419	523	2335	21	6.53	10348	139	60.48	314.16	0.41	0.49	509302.49	2854902.78	225403.93	1243468.37
4638230	0	9.39	2.93	4.64	61.77	48.04	57.86	32.07	11.68	17.96	150.59	113.81	162.58	2073	2155	1737	11	5.66	42186	605	61.71	331.24	0.66	0.47	906926.79	4704051.45	78256.46	339167.9
54324	0	11.79	2.83	4.88	47.61	59.39	90.64	21.93	6.74	11.02	96.94	135.96	191.62	995	3733	5746	3	7.22	106384	2199	39.69	303.12	0.02	0.14	3897730.35	7423718.1	52836.85	332092.44
277086	0	10.02	6.11	12.29	51.04	89.55	66.71	55.93	32.72	65.31	389.7	303.71	313.14	1608	11367	3419	18	5.98	564370	3378	153.95	791.06	0.23	0.42	3232008.77	9028603.77	13944.77	154543.66
508734	0	1.81	1.07	4.42	19.41	20.85	86.55	1.04	0.75	2.14	34.78	24.51	113.36	3758	6107	28376	4	8.31	964774	94061	3.93	143.61	0.65	0.48	8652496.73	14300105.89	1986.9	12614.14
5663757	0	1.35	1.61	4.96	24.66	95.06	34.77	0.94	1.36	1.71	29.02	104.93	36.2	3036	11678	2550	23	6.8	128595	12504	4.02	117.95	0.34	0.47	4371359.26	9718114.76	12446.07	167013.6
1919752	0	11.95	2.51	6.2	38.32	19.54	58.12	15.27	6.05	15.08	55.04	33.93	125.86	763	479	2248	1	8.29	43059	810	36.4	162.03	0.01	0.08	1143618.73	3320438.9	113340.33	1394161.87
81251	0	14.1	1.62	4.2	38.73	8.0	22.17	10.4	1.18	2.3	63.65	6.69	14.06	637	125	470	19	7.86	18068	529	13.89	73.93	0.06	0.23	2157405.45	4932736.92	339230.11	1511347.03
5840126	0	7.51	2.2	1.51	34.16	17.02	4.07	8.96	4.85	2.68	28.71	27.53	7.49	592	324	56	7	3.72	6873	248	16.49	49.58	0.07	0.25	841052.92	3191496.03	41162.08	585366.16
2300502	0	1.2	4.09	5.56	35.93	78.34	140.94	0.31	0.52	0.88	12.56	29.17	36.33	5913	7507	25570	20	5.19	704842	57311	1.7	51.12	0.95	0.22	6092245.49	12532369.41	3644.96	20708.58
1983027	0	31.17	18.53	23.49	168.0	146.82	190.24	223.64	116.34	159.09	849.49	688.05	859.98	7395	5654	3799	23	7.93	385769	658	499.07	1879.66	0.11	0.32	769041.21	4970571.46	45761.2	256980.02
6181757	0	1.93	0.14	3.43	4.01	0.52	7.97	1.25	0.0	0.75	3.31	0.0	1.64	13	2	31	22	6.08	77	9	2.0	4.92	0.07	0.26	3041846.43	9820275.8	580220.15	1834479.01
20650448	0	2.79	2.37	3.08	37.93	64.1	40.29	0.09	0.05	0.18	3.42	0.93	5.16	1245	3317	2006	23	9.75	22593	2654	0.32	6.73	0.85	0.36	6724191.74	13191844.38	2017.45	12825.43
1408301	0	6.7	1.74	6.45	23.76	5.57	22.33	16.23	3.68	10.33	66.58	12.79	36.39	408	62	294	22	6.24	6852	142	30.23	94.06	0.0	0.07	690839.76	4013192.85	7166.08	31983.32
1063872	0	1.16	3.22	2.22	11.99	114.07	25.56	0.56	1.69	0.31	14.91	86.1	3.39	427	4431	1225	12	4.82	19975	2745	2.56	95.18	0.11	0.31	14884732.38	21962759.36	83631.59	1738643.09
97276	0	49.13	25.11	26.09	406.19	144.59	331.61	18.55	22.81	19.34	201.97	180.29	341.9	9116	4505	11379	21	7.75	271196	1424	60.7	549.35	0.39	0.49	342771.16	3396468.28	106597.6	773423.22
4080342	0	4.32	1.46	2.53	16.19	12.14	16.04	9.14	3.22	4.69	35.25	22.97	34.66	1265	791	981	11	5.34	163242	6773	17.04	72.96	0.53	0.5	2805578.16	6187525.75	9890.15	121614.98
9144	0	12.53	7.94	14.81	137.24	59.22	179.84	29.89	19.42	40.71	262.46	159.56	543.87	6209	2260	7353	22	6.91	121894	1112	90.03	857.7	0.68	0.46	1206218.39	4506993.57	44015.1	286958.18
296804	0	2.5	3.37	6.05	16.18	80.41	74.65	1.13	2.53	1.14	19.13	89.04	10.06	620	4900	3134	22	7.36	46508	3099	4.8	94.7	0.18	0.38	2958920.18	5563540.81	70017.43	606280.57
24902	0	3.93	2.26	4.81	31.03	25.93	40.16	3.61	2.33	3.61	46.95	34.84	40.89	4867	3612	4670	6	7.82	1852256	98352	9.54	91.33	0.16	0.37	4143049.98	9485172.77	1966.07	19208.91
6650086	0	6.84	1.69	6.46	41.96	13.01	30.64	6.9	1.06	4.53	72.23	11.08	42.17	935	233	714	8	3.81	17625	809	12.5	95.63	0.01	0.08	4955635.5	8203204.05	94171.73	1208925.71
9629838	1	1.65	1.48	5.38	6.5	4.54	27.81	0.11	0.11	0.48	1.09	1.18	9.7	1002	321	2679	20	7.78	273281	29903	0.7	10.55	0.96	0.2	7095831.79	9459378.84	479.95	27725.81
1276024	0	5.11	1.56	2.67	47.5	21.3	41.1	5.72	2.87	4.25	45.32	32.07	60.06	5602	3133	4922	18	4.05	692157	33062	12.85	98.69	0.02	0.14	3126422.46	8435451.77	3392.1	22830.06
2602832	0	6.26	2.16	3.73	32.68	43.57	169.67	8.88	3.59	5.99	105.76	90.68	253.01	3668	5523	28728	6	6.3	374240	15853	18.46	345.51	0.2	0.4	5203936.93	10198950.77	7610.06	24436.75
3784107	0	8.71	4.14	14.44	57.21	52.77	69.61	3.41	1.32	6.16	33.11	17.37	97.1	2392	3742	2628	1	8.37	155703	4104	10.89	122.41	0.01	0.11	4807923.13	11695915.32	39110.9	105397.55
160900	0	8.5	3.42	12.99	60.27	22.3	193.37	10.75	3.77	15.88	91.83	29.32	379.17	2955	1137	18051	15	5.35	349370	8146	30.39	408.86	0.4	0.49	4264324.01	12601986.87	11153.76	195638.01
3961223	0	1.91	0.86	2.79	13.45	14.37	19.28	0.93	0.63	1.4	5.53	12.64	6.42	647	647	858	22	7.68	30930	3692	2.96	17.87	0.84	0.37	6817115.03	19613639.01	34568.67	195016.89
736401	0	1.75	0.0	0.75	3.03	0.0	0.83	7.0	0.0	0.0	0.0	0.0	0.0	7	0	2	7	0.0	10	2	7.0	0.0	0.0	0.0	93372.5	161569.46	522.67	547.87
70727	0	13.76	5.49	8.39	55.19	49.78	102.13	137.46	58.29	85.91	764.42	288.99	540.14	2516	2516	5954	3	8.17	274915	916	281.66	1437.04	0.56	0.5	924334.8	3624880.82	31277.62	73908.37
784330	0	9.2	5.66	9.88	96.13	98.93	58.39	5.91	2.61	5.16	105.57	27.32	51.67	5843	7843	3508	20	7.77	329795	9550	13.69	136.21	0.06	0.23	5320756.11	16045608.83	17089.6	353379.99
21834	0	7.3	3.14	5.83	59.08	42.35	64.74	5.76	1.44	2.34	44.23	14.5	20.11	2103	2032	3297	22	7.15	78988	2940	9.54	62.23	0.42	0.49	1847112.45	5371598.27	63442.28	844245.11
309300	0	5.95	4.26	1.11	8.32	12.1	3.08	0.08	0.0	0.15	0.27	0.0	0.36	30	52	14	8	7.0	215	14	0.23	0.42	0.05	0.22	4656263.42	6998081.05	15212456.06	21607838.43
118817	0	39.12	18.89	25.29	305.4	171.79	379.3	13.14	9.9	22.11	194.06	185.13	451.39	5288	5039	12540	23	9.26	97713	796	45.14	536.36	0.7	0.46	866326.96	3683867.48	247415.04	4059195.81
88521	0	12.84	12.66	26.03	61.27	47.54	82.52	18.06	20.01	38.19	96.88	113.96	173.01	900	674	1502	16	5.12	113750	958	76.26	314.45	0.06	0.24	1839566.62	5200382.68	135793.48	414815.78
606031	0	1.1	4.46	2.23	1.79	30.29	11.81	0.21	0.02	0.06	1.39	0.13	0.3	11	253	99	15	2.08	538	63	0.29	1.44	0.84	0.37	4340620.78	5923682.65	228656.31	1447866.71
315483	0	14.07	1.87	3.52	45.96	33.98	36.98	39.96	6.43	10.54	309.72	80.29	72.16	1804	2755	2053	23	7.72	182910	2586	56.92	406.49	0.0	0.07	1401242.16	4359984.4	29004.13	78041.63
536226	0	10.2	0.5	2.0	19.69	1.2	1.55	0.5	0.25	3.75	0.87	0.43	3.34	52	4	6	22	8.05	127	5	4.5	4.39	0.7	0.46	1354936.4	2234736.96	18375972.78	44820658.57
1385729	0	0.75	1.37	1.56	1.68	3.66	4.84	0.16	0.09	0.08	1.02	0.77	1.82	45	74	143	5	7.62	43580	11021	0.33	2.65	0.81	0.39	3323126.37	5374569.72	5181.19	118983.07
120997	0	1.53	2.63	1.4	3.65	9.53	2.36	1.1	2.14	0.41	3.88	9.67	1.35	20	53	13	16	4.22	222	30	3.66	13.48	0.73	0.45	1296207.63	2323595.09	7071754.51	35666527.81
1347799	0	4.95	1.45	1.28	16.49	11.95	2.62	11.81	1.75	3.29	42.22	10.16	7.76	226	204	21	10	5.72	3210	131	16.85	50.07	0.15	0.36	714520.24	2399659.9	469965.99	2070618.26
1574574	0	460.35	102.46	222.26	1529.69	3329.76	4612.6	865.2	124.21	398.33	6545.73	2932.53	6981.34	40194	301539	285978	17	7.19	30747028	16365	1387.74	10943.34	1.0	0.0	2199.54	261266.07	660.76	24545.23
877745	0	3.84	2.14	2.44	102.57	35.35	23.39	5.49	2.76	1.98	133.69	46.8	15.19	5518	1816	1206	16	5.07	27228	2003	10.22	163.97	0.86	0.35	2404621.7	4755110.7	79493.82	1494669.72
1392310	1	2.21	0.21	0.3	2.88	3.31	18.41	0.77	0.09	0.15	2.54	1.36	13.18	397	1086	5271	22	6.95	354296	93203	1.01	14.46	1.0	0.0	4305939.83	7938032.11	1561.63	66638.75
5103673	0	7.0	0.0	0.0	0.0	0.0	0.0	7.0	0.0	0.0	0.0	0.0	0.0	7	0	0	12	0.0	7	1	7.0	0.0	0.0	0.0	187527.0	0.0	nan	0.0
4114706	1	2.29	0.27	0.78	5.17	4.13	25.89	0.0	0.0	0.01	0.01	0.03	0.21	313	267	1748	10	3.78	15395	4599	0.01	0.22	1.0	0.03	4160802.71	6068306.21	6911.55	395996.61
6085301	1	0.59	0.05	3.48	3.25	0.66	18.32	0.06	0.01	1.62	0.9	0.18	15.98	649	101	2043	12	6.87	235712	48218	1.69	16.02	1.0	0.0	2928861.48	5782390.76	773.61	57527.63
202193	0	78.53	24.44	33.43	500.7	313.44	670.61	21.95	14.05	7.12	206.27	198.37	87.87	7686	10080	25570	0	8.11	202826	1089	43.12	306.21	0.91	0.29	401992.07	3370677.1	185788.03	2251788.94
6875559	0	92.0	0.0	0.0	0.0	0.0	0.0	92.0	0.0	0.0	0.0	0.0	0.0	92	0	0	5	0.0	92	1	92.0	0.0	0.0	0.0	1087857.0	0.0	nan	0.0
1879566	0	79.57	33.07	57.26	718.79	1233.6	1584.74	112.46	30.42	46.95	2080.54	719.61	806.55	25428	144542	181984	8	7.32	3374146	8399	189.83	2370.09	0.85	0.36	92045.48	2360510.35	11520.05	100874.62
538346	0	102.41	20.84	44.84	783.05	352.77	865.14	79.6	10.23	44.49	766.23	89.23	946.54	13927	15796	34224	20	8.8	597708	2070	134.32	1499.8	0.8	0.4	15111.32	253586.83	37380.62	705496.2
4018503	0	2.11	0.56	4.45	7.26	3.97	12.14	5.32	1.63	11.12	19.91	11.02	29.48	264	146	322	7	6.91	38801	1361	18.07	49.47	0.02	0.15	1819373.07	5034838.31	40466.47	106809.24
5552297	0	7.78	15.96	33.69	49.67	88.25	349.27	15.19	38.06	89.81	100.59	367.46	1103.43	700	1294	4587	16	7.19	29750	171	143.06	1553.32	0.08	0.26	452679.55	1492885.97	387381.67	1050852.37
8029	0	6.53	2.62	14.35	39.28	42.56	426.27	3.19	2.03	5.11	42.57	46.93	82.61	2706	4000	56327	19	6.19	503029	14586	10.33	128.27	0.85	0.36	3400126.4	7705170.83	17817.44	242077.75
3035831	1	1.87	0.24	0.43	2.16	1.46	10.19	0.43	0.08	0.15	1.82	0.94	12.81	145	134	1501	11	5.28	222360	69960	0.66	13.34	1.0	0.0	6001952.17	15636693.82	2244.07	23212.26
132585	0	10.98	5.68	6.6	213.33	34.53	72.27	55.28	28.33	31.12	534.08	245.39	271.16	10501	1199	4202	18	7.71	91041	693	114.74	804.9	0.09	0.29	669135.58	2652400.41	75274.38	762676.8
8377723	0	5.02	3.18	4.17	19.66	16.89	25.73	4.54	3.14	4.69	22.59	41.22	42.35	449	244	619	21	4.74	18249	859	12.37	95.73	0.18	0.38	5989727.59	22130075.61	112908.17	208925.17
2793164	0	23.65	6.54	23.29	285.67	73.95	425.94	17.45	4.33	11.42	250.56	76.5	332.83	13872	6471	28672	1	8.13	752325	8126	33.19	470.52	0.6	0.49	2566323.52	7705453.18	16277.06	205736.03
3410049	1	2.27	0.17	0.14	3.07	1.22	0.92	0.11	0.0	0.01	7.04	0.11	0.15	74	62	38	22	6.72	18694	7133	0.12	7.04	1.0	0.0	3019153.81	5480290.42	16007.56	38147.13
13350630	1	0.03	0.03	1.63	0.54	4.47	13.22	0.01	0.0	0.01	0.16	0.0	0.21	64	645	1866	14	6.58	35223	20619	0.02	0.27	1.0	0.0	8585956.17	10621454.35	3295.66	280171.9
147617	0	10.74	10.54	27.39	45.05	62.99	126.37	9.54	7.91	16.76	67.86	66.35	147.44	1617	1474	3397	18	8.09	121119	1560	34.2	231.39	0.29	0.46	13755709.85	43267538.85	115811.03	1777415.11
886257	0	5.08	1.98	6.03	19.87	19.86	65.76	5.6	2.4	6.27	30.49	22.33	73.0	930	1187	4115	16	4.81	165994	6686	14.28	92.35	0.46	0.5	5702279.29	18285672.83	20282.86	155013.95
9892229	1	1.32	0.12	0.58	1.77	0.8	1.06	0.13	0.01	0.07	0.74	0.15	0.45	68	41	46	10	4.17	70944	31763	0.21	0.96	1.0	0.0	5381458.68	9062473.08	2874.28	131936.03
698799	0	6.19	5.02	23.6	37.11	28.0	55.04	5.77	4.31	15.19	59.97	36.9	72.37	4199	1754	1927	19	5.7	857733	14227	25.26	136.95	0.11	0.31	3225210.83	6474525.8	10609.11	50629.42
152983	0	5.65	7.52	11.56	77.15	44.99	473.87	16.68	21.86	31.52	203.62	128.89	928.6	4597	1977	53487	3	7.21	319617	3923	70.06	994.93	0.76	0.43	989966.1	3327403.68	22684.34	46574.83
7525266	0	0.74	0.82	0.99	1.43	2.38	1.33	0.0	0.0	0.07	0.0	0.0	0.35	8	12	7	20	4.93	189	72	0.07	0.35	0.78	0.41	7894013.57	8003006.49	2329243.34	6461875.45
18701377	0	0.0	0.0	1.5	0.0	0.0	0.5	0.0	0.0	3.0	0.0	0.0	0.0	0	0	2	22	0.0	3	1	3.0	0.0	0.0	0.0	2253208.0	2252930.0	278.0	0.0
1588193	0	12.17	6.49	14.96	181.9	39.26	247.06	4.61	5.17	10.98	40.31	50.87	227.42	8468	1733	13764	11	5.88	177595	3167	20.76	282.22	0.38	0.49	4202918.04	14350395.17	46650.48	333534.78
5977822	0	21.5	1.96	5.47	120.99	16.86	24.15	37.55	3.09	8.09	519.63	46.02	46.92	1305	488	367	15	5.48	41800	717	48.74	549.4	0.01	0.12	1754184.35	5093839.32	87900.61	411424.04
2024167	0	8.75	1.82	4.45	36.16	32.47	70.22	8.55	2.05	4.3	109.25	54.17	90.57	948	1452	3160	18	6.43	33733	1508	14.9	247.78	0.0	0.03	1351095.3	4817647.99	76597.59	565988.38
1616157	0	13.1	4.67	8.73	101.1	94.12	135.14	24.42	9.54	17.27	306.56	256.98	302.89	8872	16161	11020	14	4.11	2725924	45281	51.22	707.99	0.05	0.21	1475423.2	6800217.15	2393.04	33116.43
264323	0	8.68	4.66	10.36	21.54	53.43	99.95	0.63	1.14	2.17	30.84	38.52	64.81	1220	5102	9902	7	7.92	1198772	45592	3.95	103.44	0.35	0.48	3866289.32	9394982.51	4860.17	450864.84
282003	0	5.49	8.81	12.52	28.72	83.68	87.43	6.64	10.66	10.39	55.92	111.7	96.08	838	3241	2424	3	8.65	55954	1186	27.7	170.02	0.3	0.46	3915973.61	12053928.3	133684.71	775869.12
7611264	1	0.24	0.3	2.45	2.61	11.85	10.91	0.03	0.04	1.2	1.9	1.86	12.45	623	5439	2031	18	7.11	661097	150762	1.27	12.98	0.79	0.41	1786342.04	5636329.06	799.97	5372.72
4405560	0	9.63	1.14	10.7	23.4	8.77	85.24	12.99	1.59	21.43	51.37	12.65	495.58	324	249	2199	2	8.03	36163	789	36.01	512.28	0.22	0.42	4011284.29	9757527.76	129072.32	590343.37
13940024	0	210.0	4.0	0.0	199.0	4.0	0.0	11.0	0.0	0.0	0.0	0.0	0.0	409	8	0	10	0.0	428	2	11.0	0.0	0.0	0.0	1837319.5	858533.5	2933846.0	0.0
12781399	0	2.5	0.0	0.5	2.6	0.0	0.5	4.0	0.0	0.0	0.0	0.0	0.0	6	0	1	15	0.43	12	2	4.0	0.0	0.25	0.43	879240.25	1499945.23	8352555.67	11812080.42
1653549	0	14.03	9.65	6.41	160.1	397.41	132.62	135.63	98.78	60.09	659.92	1348.78	606.64	14221	54396	11381	23	6.91	604911	1809	294.5	1868.12	0.33	0.47	258652.0	1839534.42	12004.03	34605.3
12582772	0	15.04	7.6	15.49	89.93	55.3	53.03	20.08	7.76	15.29	113.31	31.83	56.8	1575	1403	797	1	8.09	28184	361	43.13	158.19	0.1	0.29	1995889.68	5911895.08	150684.55	500990.48
5288432	0	1.77	0.53	5.93	20.61	10.11	84.79	0.39	0.07	0.38	16.98	4.97	10.94	1984	831	11540	7	6.18	183202	20990	0.84	21.09	0.98	0.16	4970758.08	10143651.53	9208.91	843348.85
15138	0	7.75	3.34	5.17	125.02	67.32	34.06	3.03	1.39	2.21	84.05	31.65	54.58	8707	5500	1604	17	7.23	122537	5925	6.62	163.12	0.84	0.37	4035057.64	14300540.5	36106.22	882807.78
12971673	0	10.01	2.66	19.41	79.91	25.65	129.54	19.08	4.16	24.01	182.89	47.22	210.36	3836	708	7124	19	4.83	187934	2768	47.25	344.7	0.45	0.5	4061590.95	14763064.87	19381.96	70144.17
10839393	0	0.0	0.0	1.0	0.0	0.0	0.0	0.0	0.0	2.0	0.0	0.0	0.0	0	0	1	17	0.5	2	1	2.0	0.0	1.0	0.0	2068449.5	1811015.5	257434.0	0.0
1180430	0	10.01	1.12	1.97	22.31	8.62	16.4	25.15	2.06	4.13	100.5	9.97	34.4	712	497	955	16	6.24	76631	1959	31.34	120.74	0.12	0.33	2924772.25	7040506.69	41760.56	386129.55
191757	0	3.3	2.41	3.47	51.65	55.15	89.51	2.57	1.3	1.73	55.62	20.85	90.23	3636	9260	14073	9	7.77	304811	25185	5.6	114.74	0.9	0.3	3874995.16	7478774.33	8673.7	393208.82
4099	0	12.81	7.0	15.49	85.64	84.57	200.59	21.81	9.59	20.34	161.62	85.45	164.38	4045	5123	12510	1	8.09	213730	2526	51.73	316.97	0.5	0.5	1305556.66	7124120.33	58552.33	757988.83
150058	0	20.57	3.64	7.98	60.77	24.98	38.08	132.67	24.13	52.85	288.5	71.69	154.55	438	331	524	23	7.54	9850	47	209.65	449.33	0.36	0.48	677654.5	2318788.49	547304.0	3185622.17
269193	0	18.66	13.6	24.33	88.13	163.62	646.89	66.22	36.03	75.7	498.23	343.73	1373.53	7947	14127	66167	12	7.37	652530	2921	177.94	1813.21	0.09	0.29	823442.9	3889084.91	24262.88	80792.91
122189	0	5.94	5.67	6.35	62.54	36.88	88.31	17.38	15.7	16.64	143.95	90.76	177.05	3472	1376	5647	21	8.04	81800	1397	49.71	327.13	0.04	0.2	2214266.6	12952408.21	65428.71	206225.7
